,ID,CN 1,e_CN 1,CN 2,e_CN 2,Ca4227,e_Ca4227,G4300,e_G 300,Fe4383,e_Fe4383,Ca 4455,e_Ca 4455,Fe 4531,e_Fe 4531,C 24668,e_C 24668,Hb,e_Hb,Fe 5015,e_Fe 5015,Mg1,e_Mg1,Mg2,e_Mg2,Mgb,e_Mgb,Fe5270,e_Fe5270,Fe5335,e_Fe5335,Fe 5406,e_Fe 5406,Fe 5709,e_Fe 5709,Fe 5782,e_Fe 5782,NaD,e_NaD,TiO1,e_TiO1,TiO2,e_TiO2
0,B001-G039,0.003,0.008,0.024,0.01,0.65,0.15,4.92,0.23,2.95,0.34,0.8,0.16,2.48,0.23,2.06,0.32,1.68,0.12,3.48,0.24,0.0522,0.0023,0.1604,0.0027,2.63,0.11,2.02,0.12,1.68,0.13,1.21,0.1,0.69,0.07,0.65,0.07,3.31,0.09,0.0262,0.002,0.0509,0.0016
1,B002-G043,-0.089,0.004,-0.073,0.006,0.05,0.09,0.82,0.15,0.13,0.24,0.07,0.11,0.66,0.17,0.18,0.24,2.55,0.09,0.53,0.2,0.0099,0.002,0.041,0.0023,0.62,0.1,0.44,0.11,0.59,0.13,0.37,0.09,0.08,0.08,0.14,0.08,1.02,0.12,0.0094,0.0022,-0.0029,0.0018
2,B003-G045,-0.075,0.005,-0.057,0.007,0.25,0.1,1.74,0.17,0.71,0.29,0.19,0.13,1.31,0.19,0.3,0.28,2.68,0.11,1.33,0.23,0.0161,0.0023,0.0588,0.0026,0.91,0.11,0.87,0.12,0.77,0.14,0.52,0.1,0.41,0.09,0.24,0.08,1.49,0.13,0.0106,0.0025,-0.0038,0.002
3,B004-G050,0.014,0.005,0.035,0.006,0.56,0.09,4.14,0.14,2.55,0.22,0.76,0.11,2.63,0.15,2.45,0.22,1.78,0.09,3.47,0.18,0.0478,0.0018,0.148,0.0021,2.27,0.08,2.04,0.09,1.66,0.11,1.13,0.08,0.67,0.06,0.41,0.06,2.06,0.09,0.0232,0.0018,0.0372,0.0015
4,B005-G052,0.042,0.005,0.066,0.006,0.65,0.1,4.47,0.15,2.43,0.23,0.51,0.12,2.51,0.17,2.1,0.25,1.48,0.1,3.69,0.21,0.0561,0.0021,0.159,0.0025,2.51,0.1,2.11,0.11,1.64,0.12,1.11,0.09,0.7,0.07,0.54,0.07,2.94,0.09,0.0237,0.002,0.0374,0.0017
5,B006-G058,0.082,0.002,0.11,0.002,0.68,0.04,5.01,0.06,3.08,0.08,0.85,0.04,2.94,0.06,2.73,0.09,1.67,0.04,4.09,0.07,0.0658,0.0007,0.1871,0.0009,3.2,0.03,2.21,0.04,1.88,0.04,1.25,0.03,0.75,0.02,0.61,0.02,2.56,0.03,0.0304,0.0007,0.0486,0.0006
6,B008-G060,0.014,0.003,0.037,0.004,0.62,0.06,4.69,0.09,2.49,0.14,0.75,0.07,2.52,0.1,1.77,0.14,1.75,0.05,3.58,0.11,0.0501,0.0011,0.155,0.0013,2.59,0.05,1.9,0.06,1.65,0.07,1.1,0.05,0.67,0.04,0.45,0.04,1.77,0.05,0.0273,0.0011,0.0421,0.0009
7,B009-G061,-0.074,0.003,-0.051,0.004,0.29,0.07,2.18,0.11,0.74,0.17,0.14,0.09,1.38,0.12,0.54,0.18,2.52,0.07,1.71,0.15,0.016,0.0015,0.0696,0.0017,1.19,0.07,1.13,0.08,1.1,0.09,0.51,0.07,0.36,0.06,0.3,0.05,0.86,0.08,0.0115,0.0016,0.0046,0.0013
8,B010-G062,-0.086,0.004,-0.062,0.005,0.23,0.08,1.82,0.13,0.77,0.2,0.1,0.1,1.04,0.14,0.37,0.21,2.62,0.08,1.48,0.17,0.0162,0.0017,0.0606,0.0019,0.87,0.08,0.75,0.09,0.73,0.1,0.35,0.08,0.23,0.06,0.11,0.06,1.7,0.08,0.0026,0.0017,0.0022,0.0014
9,B011-G063,-0.061,0.006,-0.039,0.007,0.44,0.12,2.2,0.2,0.96,0.3,0.25,0.15,1.61,0.22,0.86,0.33,2.26,0.13,2.27,0.27,0.0263,0.0027,0.0827,0.0031,1.26,0.13,1.39,0.14,0.97,0.17,0.63,0.12,0.33,0.1,0.38,0.09,1.47,0.12,0.019,0.0027,0.0005,0.0023
10,B012-G064,-0.068,0.001,-0.046,0.002,0.21,0.03,1.81,0.04,0.43,0.06,0.15,0.03,1.09,0.05,0.46,0.07,2.4,0.03,1.44,0.06,0.0142,0.0006,0.0531,0.0007,0.66,0.03,0.87,0.03,0.74,0.04,0.38,0.03,0.23,0.02,0.17,0.02,1.67,0.03,0.0075,0.0006,-0.0017,0.0005
11,B013-G065,-0.001,0.008,0.028,0.009,0.7,0.14,4.99,0.22,2.54,0.36,0.84,0.16,3.09,0.22,2.49,0.32,1.89,0.12,3.2,0.25,0.0539,0.0026,0.1658,0.0031,2.81,0.12,2.18,0.13,2.0,0.15,1.24,0.11,0.76,0.1,0.55,0.09,1.84,0.14,0.0286,0.0027,0.0477,0.0021
12,B015-V204,0.157,0.018,0.191,0.022,0.9,0.3,5.29,0.45,4.09,0.68,1.29,0.29,3.79,0.39,5.46,0.54,1.93,0.21,5.51,0.41,0.1303,0.0042,0.2954,0.005,4.35,0.19,2.67,0.2,2.56,0.22,1.65,0.16,0.84,0.13,0.98,0.12,5.15,0.17,0.0416,0.0035,0.0843,0.0028
13,B016-G066,0.002,0.005,0.023,0.006,0.64,0.09,4.65,0.13,2.12,0.21,0.67,0.1,2.65,0.14,2.12,0.2,1.69,0.08,3.52,0.16,0.0482,0.0016,0.1538,0.0019,2.52,0.07,1.86,0.08,1.79,0.09,1.01,0.07,0.73,0.06,0.57,0.05,2.96,0.07,0.0268,0.0015,0.047,0.0013
14,B017-G070,-0.012,0.002,0.012,0.003,0.56,0.05,3.77,0.07,1.89,0.11,0.58,0.05,2.24,0.08,1.71,0.11,1.83,0.04,3.2,0.09,0.0493,0.0009,0.1419,0.001,2.27,0.04,1.84,0.04,1.49,0.05,0.96,0.04,0.57,0.03,0.59,0.03,2.99,0.03,0.0217,0.0007,0.0396,0.0006
15,B019-G072,0.026,0.001,0.054,0.002,0.6,0.03,3.91,0.04,2.38,0.06,0.66,0.03,2.62,0.05,1.88,0.07,1.86,0.03,3.56,0.06,0.052,0.0006,0.1523,0.0007,2.35,0.03,1.93,0.03,1.62,0.03,1.07,0.02,0.66,0.02,0.53,0.02,2.99,0.02,0.0207,0.0005,0.0378,0.0004
16,B020-G073,0.008,0.001,0.034,0.001,0.47,0.02,3.67,0.04,2.01,0.05,0.59,0.03,2.31,0.04,1.81,0.06,2.03,0.02,3.19,0.05,0.0473,0.0005,0.1372,0.0006,2.16,0.02,1.75,0.03,1.54,0.03,1.01,0.02,0.59,0.02,0.46,0.02,2.01,0.02,0.0218,0.0005,0.0318,0.0004
17,B020D-G089,-0.095,0.007,-0.08,0.008,0.22,0.13,1.77,0.21,0.09,0.33,-0.11,0.16,0.85,0.23,0.18,0.33,2.74,0.12,1.24,0.26,0.0135,0.0025,0.0494,0.0028,0.56,0.12,0.65,0.13,0.53,0.15,0.29,0.11,0.24,0.08,0.37,0.08,2.98,0.11,0.005,0.0023,0.0027,0.0019
18,B021-G075,0.023,0.009,0.037,0.011,0.81,0.17,5.47,0.25,2.34,0.39,0.89,0.17,2.82,0.24,2.8,0.33,1.73,0.13,4.03,0.25,0.07,0.0025,0.2019,0.0029,3.1,0.11,2.21,0.12,1.95,0.14,1.25,0.1,0.74,0.08,0.78,0.07,3.94,0.1,0.0436,0.0021,0.0772,0.0017
19,B022-G074,-0.087,0.004,-0.068,0.004,0.17,0.07,1.47,0.12,-0.06,0.19,0.11,0.09,0.79,0.13,0.32,0.19,2.74,0.07,0.97,0.16,0.0162,0.0016,0.0499,0.0018,0.67,0.07,0.79,0.08,0.69,0.1,0.32,0.07,0.17,0.06,0.14,0.06,1.26,0.08,0.0091,0.0016,-0.0016,0.0013
20,B023-G078,0.033,0.001,0.06,0.002,0.53,0.03,3.98,0.04,2.44,0.06,0.66,0.03,2.44,0.04,2.0,0.06,1.81,0.03,3.46,0.05,0.0544,0.0005,0.1557,0.0006,2.45,0.02,1.98,0.03,1.59,0.03,1.04,0.02,0.7,0.02,0.73,0.02,3.67,0.02,0.0266,0.0005,0.0422,0.0004
21,B024-G082,0.047,0.004,0.074,0.004,0.69,0.06,4.51,0.1,2.89,0.15,0.89,0.07,2.86,0.11,2.62,0.15,1.65,0.06,3.83,0.12,0.0586,0.0013,0.1743,0.0015,2.96,0.06,2.09,0.06,1.73,0.07,1.19,0.06,0.73,0.04,0.57,0.04,2.22,0.06,0.0368,0.0012,0.0537,0.001
22,B025-G084,-0.081,0.006,-0.056,0.007,0.39,0.12,2.47,0.19,0.62,0.29,0.35,0.14,1.64,0.21,1.39,0.3,2.6,0.11,2.26,0.24,0.034,0.0024,0.0892,0.0028,1.2,0.11,0.92,0.13,1.0,0.15,0.5,0.11,0.4,0.08,0.09,0.08,3.14,0.1,0.0088,0.0022,0.0038,0.0018
23,B026-G086,0.058,0.005,0.084,0.006,0.66,0.1,5.39,0.15,3.28,0.22,0.78,0.1,3.06,0.14,3.61,0.2,1.58,0.08,4.38,0.16,0.0768,0.0017,0.2193,0.002,3.65,0.08,2.2,0.08,2.09,0.09,1.54,0.07,0.75,0.06,0.66,0.05,2.66,0.08,0.0424,0.0016,0.0812,0.0013
24,B027-G087,-0.062,0.005,-0.034,0.007,0.34,0.11,2.43,0.18,0.72,0.27,0.31,0.14,1.64,0.2,1.11,0.3,2.26,0.12,2.04,0.25,0.0263,0.0025,0.0831,0.0029,1.04,0.12,1.18,0.13,1.14,0.15,0.59,0.11,0.3,0.09,0.23,0.08,3.1,0.11,0.0102,0.0024,0.0132,0.0021
25,B028-G088,-0.097,0.004,-0.08,0.005,0.12,0.08,0.84,0.14,-0.05,0.21,0.0,0.1,0.5,0.16,0.51,0.23,2.69,0.09,0.71,0.19,0.018,0.0019,0.0398,0.0021,0.46,0.09,0.46,0.1,0.31,0.12,0.34,0.09,0.05,0.07,0.06,0.07,3.3,0.09,0.0105,0.0019,-0.0042,0.0016
26,B029-G090,0.067,0.005,0.096,0.006,0.73,0.09,5.36,0.14,3.09,0.22,0.96,0.1,3.0,0.15,3.76,0.21,1.65,0.08,4.43,0.17,0.0899,0.0018,0.2257,0.0021,3.71,0.08,2.45,0.09,2.21,0.1,1.52,0.07,0.85,0.06,0.71,0.06,4.42,0.07,0.0318,0.0016,0.066,0.0014
27,B030-G091,0.103,0.009,0.132,0.011,0.57,0.15,5.42,0.23,3.34,0.34,0.93,0.15,3.3,0.21,3.61,0.28,1.48,0.11,4.57,0.21,0.0847,0.0021,0.2242,0.0024,3.66,0.09,2.44,0.1,2.14,0.11,1.43,0.08,0.93,0.06,0.84,0.06,5.27,0.08,0.0369,0.0016,0.07,0.0013
28,B031-G092,0.03,0.012,0.046,0.015,0.82,0.22,4.93,0.34,2.47,0.52,0.79,0.23,2.98,0.32,2.67,0.45,1.78,0.17,4.08,0.34,0.056,0.0034,0.1619,0.0039,2.49,0.16,2.09,0.17,1.99,0.19,1.13,0.14,0.74,0.11,0.57,0.1,4.7,0.14,0.0262,0.003,0.0403,0.0024
29,B032-G093,0.03,0.007,0.048,0.009,0.72,0.13,4.46,0.19,2.4,0.31,0.54,0.14,2.57,0.19,2.23,0.27,1.78,0.11,3.71,0.21,0.0569,0.0021,0.1726,0.0024,2.89,0.1,1.96,0.1,1.72,0.12,1.08,0.09,0.79,0.07,0.64,0.06,3.32,0.09,0.0337,0.0019,0.0676,0.0015
30,B033-G095,-0.085,0.009,-0.068,0.011,0.12,0.17,1.81,0.28,0.39,0.45,0.13,0.21,1.49,0.3,1.78,0.44,2.87,0.17,2.07,0.35,0.0261,0.0035,0.0661,0.004,0.85,0.17,0.7,0.18,0.98,0.21,0.45,0.16,0.33,0.12,0.08,0.12,3.16,0.17,0.01,0.0034,-0.0004,0.0028
31,B034-G096,0.021,0.005,0.045,0.006,0.69,0.09,4.59,0.14,2.41,0.21,0.75,0.11,2.82,0.16,2.24,0.23,1.67,0.09,3.99,0.19,0.0606,0.002,0.1749,0.0023,2.95,0.09,2.11,0.1,1.76,0.12,1.12,0.09,0.79,0.07,0.49,0.06,2.52,0.08,0.0326,0.0019,0.0543,0.0016
32,B035,-0.015,0.004,0.01,0.004,0.74,0.07,4.14,0.11,2.01,0.16,0.71,0.08,2.46,0.11,1.81,0.16,1.82,0.06,3.66,0.13,0.0487,0.0013,0.1414,0.0016,2.17,0.06,1.92,0.07,1.62,0.08,1.04,0.06,0.68,0.05,0.46,0.04,1.8,0.06,0.0281,0.0013,0.0535,0.0011
33,B036,0.004,0.005,0.024,0.006,0.72,0.09,4.55,0.14,1.94,0.22,0.58,0.11,2.67,0.15,2.27,0.21,1.52,0.08,3.57,0.17,0.0467,0.0017,0.1561,0.002,2.77,0.08,1.94,0.09,1.54,0.1,1.08,0.08,0.78,0.06,0.51,0.06,2.71,0.08,0.0279,0.0017,0.0464,0.0014
34,B037-V327,0.038,0.016,0.078,0.02,0.7,0.27,3.82,0.41,2.56,0.61,0.6,0.25,1.61,0.34,1.72,0.43,1.64,0.15,3.65,0.26,0.1004,0.0024,0.1903,0.0026,2.43,0.11,2.02,0.11,1.39,0.12,1.0,0.08,0.81,0.05,1.04,0.05,4.09,0.06,0.0287,0.0013,0.0584,0.001
35,B038-G098,-0.061,0.003,-0.04,0.004,0.16,0.06,2.24,0.09,0.6,0.15,0.12,0.07,1.05,0.1,0.07,0.15,2.4,0.06,1.55,0.12,0.0166,0.0012,0.0612,0.0013,0.86,0.05,0.83,0.06,0.78,0.07,0.36,0.05,0.25,0.04,0.27,0.04,2.66,0.05,0.0069,0.001,0.0063,0.0009
36,B039-G101,0.012,0.003,0.036,0.004,0.63,0.06,4.22,0.1,2.47,0.15,0.62,0.07,2.52,0.1,1.81,0.15,1.73,0.06,3.47,0.11,0.0557,0.0011,0.1619,0.0013,2.51,0.05,1.87,0.06,1.55,0.06,1.05,0.05,0.69,0.03,0.63,0.03,3.41,0.04,0.0259,0.0009,0.0433,0.0008
37,B041D,-0.042,0.019,-0.025,0.024,0.66,0.34,3.1,0.57,1.82,0.85,0.68,0.38,1.61,0.56,2.93,0.75,2.75,0.28,1.64,0.56,0.028,0.0054,0.082,0.006,1.12,0.25,0.77,0.27,0.73,0.32,0.64,0.22,0.33,0.17,0.36,0.16,3.45,0.22,0.0017,0.0045,0.0075,0.0036
38,B042-G104,-0.002,0.005,0.023,0.006,0.41,0.09,3.33,0.14,1.71,0.21,0.39,0.1,2.37,0.14,1.79,0.2,2.22,0.07,3.05,0.15,0.0532,0.0015,0.1381,0.0017,1.97,0.07,1.63,0.07,1.46,0.08,0.87,0.06,0.57,0.04,0.48,0.04,3.49,0.05,0.0114,0.0011,0.0266,0.0009
39,B044-G107,0.012,0.004,0.035,0.005,0.8,0.08,4.39,0.13,2.25,0.19,0.63,0.09,2.54,0.13,1.67,0.19,1.76,0.07,3.63,0.14,0.0498,0.0015,0.1511,0.0017,2.4,0.07,1.99,0.07,1.57,0.08,1.1,0.06,0.62,0.05,0.57,0.04,3.64,0.06,0.0225,0.0012,0.0456,0.001
40,B045-G108,-0.013,0.002,0.009,0.003,0.66,0.04,4.42,0.07,2.17,0.11,0.58,0.05,2.36,0.08,1.66,0.11,1.68,0.04,3.17,0.09,0.0448,0.0009,0.1412,0.0011,2.29,0.04,1.76,0.05,1.53,0.05,0.97,0.04,0.64,0.03,0.47,0.03,2.28,0.04,0.0223,0.0008,0.0317,0.0007
41,B045D,0.047,0.028,0.08,0.035,0.38,0.51,5.55,0.78,4.99,1.18,0.88,0.55,3.07,0.73,5.38,1.01,1.29,0.42,5.84,0.79,0.0906,0.0083,0.2248,0.0099,3.37,0.39,2.28,0.4,2.45,0.46,1.14,0.34,0.69,0.29,0.91,0.27,2.03,0.43,0.0429,0.0081,0.0908,0.0063
42,B046-G109,-0.053,0.007,-0.03,0.008,0.32,0.13,3.28,0.21,0.39,0.35,0.19,0.16,1.81,0.22,0.93,0.32,2.43,0.12,2.49,0.26,0.0345,0.0026,0.1001,0.003,1.32,0.12,1.57,0.13,1.17,0.16,0.69,0.12,0.47,0.1,0.41,0.09,1.31,0.15,0.0171,0.0028,0.0187,0.0022
43,B047-G111,-0.081,0.005,-0.059,0.006,0.29,0.1,2.15,0.16,0.31,0.26,0.23,0.12,1.4,0.17,0.71,0.25,2.51,0.1,1.67,0.21,0.0212,0.002,0.0701,0.0023,0.92,0.1,0.95,0.11,0.77,0.13,0.16,0.09,0.26,0.08,0.18,0.07,1.32,0.11,0.0074,0.0022,0.0059,0.0018
44,B048-G110,0.005,0.004,0.03,0.005,0.69,0.08,4.75,0.13,2.42,0.2,0.68,0.1,2.71,0.14,2.28,0.21,1.65,0.08,3.31,0.17,0.0625,0.0017,0.1646,0.002,2.48,0.08,1.73,0.09,1.65,0.1,1.17,0.07,0.61,0.05,0.38,0.05,3.03,0.06,0.0252,0.0014,0.0491,0.0012
45,B050-G113,0.001,0.003,0.024,0.004,0.52,0.07,4.35,0.1,2.26,0.16,0.56,0.08,2.44,0.11,1.86,0.16,1.77,0.06,3.57,0.13,0.049,0.0013,0.1489,0.0015,2.32,0.06,1.74,0.07,1.59,0.08,0.96,0.06,0.6,0.04,0.46,0.04,2.57,0.06,0.0298,0.0012,0.046,0.001
46,B051-G114,0.024,0.004,0.047,0.004,0.5,0.07,4.9,0.11,2.38,0.17,0.67,0.08,2.61,0.11,1.87,0.16,1.7,0.06,3.38,0.13,0.0578,0.0013,0.158,0.0015,2.49,0.06,1.84,0.07,1.52,0.07,1.0,0.06,0.73,0.04,0.64,0.04,3.15,0.05,0.0262,0.0011,0.0448,0.0009
47,B054-G115,0.081,0.01,0.096,0.012,0.84,0.18,5.78,0.27,4.23,0.4,1.12,0.19,3.22,0.27,5.02,0.38,1.75,0.16,4.83,0.32,0.1026,0.0033,0.2547,0.004,4.14,0.15,2.65,0.16,2.23,0.19,1.6,0.14,1.0,0.11,0.82,0.11,3.51,0.15,0.0418,0.0032,0.0612,0.0026
48,B055-G116,0.111,0.007,0.134,0.009,1.07,0.13,5.38,0.19,4.13,0.27,1.22,0.13,3.33,0.18,4.89,0.24,1.48,0.1,4.71,0.19,0.1069,0.0019,0.2592,0.0022,4.15,0.08,2.7,0.09,2.32,0.1,1.66,0.07,1.07,0.06,0.83,0.05,5.11,0.07,0.0363,0.0015,0.0665,0.0012
49,B056-G117,0.131,0.007,0.165,0.008,0.84,0.12,5.73,0.19,4.25,0.27,1.33,0.13,3.19,0.19,6.57,0.26,1.49,0.11,4.77,0.22,0.1242,0.0023,0.2933,0.0028,4.78,0.1,2.81,0.11,2.54,0.13,1.74,0.09,0.88,0.08,0.83,0.07,4.53,0.1,0.0453,0.0021,0.0835,0.0018
50,B057-G118,-0.078,0.007,-0.051,0.009,0.14,0.15,1.78,0.24,0.18,0.39,-0.1,0.19,1.27,0.28,1.4,0.41,2.51,0.16,0.95,0.35,0.0135,0.0035,0.0512,0.004,0.62,0.17,0.49,0.19,0.62,0.22,0.3,0.16,0.28,0.13,0.06,0.13,1.53,0.18,0.0043,0.0036,-0.0021,0.0031
51,B058-G119,-0.032,0.002,-0.007,0.002,0.45,0.03,3.01,0.06,1.38,0.08,0.43,0.04,2.06,0.06,0.83,0.09,2.15,0.04,2.75,0.08,0.029,0.0008,0.0999,0.0009,1.54,0.04,1.58,0.04,1.25,0.05,0.79,0.04,0.5,0.03,0.32,0.03,1.87,0.03,0.0109,0.0007,0.0146,0.0006
52,B059-G120,-0.003,0.005,0.016,0.006,0.47,0.1,3.54,0.16,1.85,0.24,0.57,0.12,1.88,0.17,1.46,0.24,2.07,0.09,2.69,0.19,0.0433,0.0018,0.1269,0.0021,1.79,0.09,1.64,0.09,1.3,0.11,0.83,0.08,0.56,0.06,0.43,0.05,3.51,0.07,0.0199,0.0015,0.0208,0.0013
53,B060-G121,-0.08,0.003,-0.057,0.004,0.17,0.06,1.48,0.1,0.0,0.15,0.11,0.07,0.87,0.11,0.56,0.16,2.52,0.06,1.08,0.14,0.0212,0.0013,0.0632,0.0015,0.81,0.06,0.77,0.07,0.72,0.09,0.37,0.06,0.17,0.05,0.11,0.05,1.43,0.06,0.0085,0.0014,0.0026,0.0012
54,B061-G122,0.045,0.004,0.073,0.005,0.64,0.07,4.89,0.11,2.77,0.17,0.76,0.08,2.61,0.12,2.2,0.17,1.43,0.07,3.86,0.13,0.0682,0.0013,0.1841,0.0015,2.9,0.06,2.11,0.06,1.68,0.07,1.2,0.05,0.78,0.04,0.78,0.04,2.57,0.05,0.0308,0.0011,0.0584,0.0009
55,B063-G124,0.012,0.003,0.037,0.003,0.51,0.05,4.19,0.08,2.36,0.12,0.55,0.06,2.37,0.09,1.59,0.13,1.76,0.05,3.44,0.1,0.05,0.001,0.149,0.0012,2.31,0.05,1.86,0.05,1.49,0.06,0.92,0.04,0.7,0.03,0.65,0.03,2.65,0.04,0.0282,0.0008,0.0514,0.0007
56,B064-G125,-0.056,0.002,-0.035,0.003,0.34,0.05,2.29,0.08,0.81,0.12,0.2,0.06,1.52,0.09,0.88,0.13,2.43,0.05,1.72,0.11,0.0264,0.0011,0.0839,0.0012,1.29,0.05,1.22,0.06,0.92,0.07,0.59,0.05,0.41,0.04,0.27,0.04,1.57,0.05,0.0112,0.001,0.0076,0.0009
57,B064D-NB6,-0.037,0.007,-0.012,0.009,0.48,0.14,2.69,0.24,1.14,0.37,0.22,0.19,1.6,0.29,0.72,0.42,2.48,0.17,3.02,0.35,0.0282,0.0035,0.0949,0.004,1.26,0.16,1.48,0.19,1.11,0.22,0.75,0.16,0.53,0.13,0.26,0.13,2.53,0.16,0.0084,0.0036,0.0102,0.003
58,B065-G126,-0.022,0.01,0.005,0.012,0.55,0.19,3.75,0.31,1.14,0.48,0.38,0.23,1.7,0.34,1.81,0.49,1.86,0.2,2.89,0.41,0.0432,0.0042,0.1152,0.0049,1.86,0.2,1.81,0.22,1.38,0.25,0.85,0.19,0.54,0.15,0.15,0.14,1.9,0.19,0.0194,0.0041,0.0207,0.0034
59,B067-G129,-0.055,0.005,-0.024,0.007,0.24,0.11,2.62,0.18,0.9,0.28,0.27,0.14,1.51,0.21,0.62,0.31,2.4,0.12,2.08,0.26,0.0216,0.0026,0.07,0.003,1.05,0.12,1.05,0.14,0.99,0.16,0.37,0.12,0.2,0.09,0.05,0.09,1.26,0.12,0.0055,0.0026,0.0056,0.0022
60,B068-G130,0.109,0.004,0.139,0.005,0.8,0.08,5.22,0.12,3.8,0.17,1.06,0.09,3.25,0.12,3.69,0.17,1.62,0.07,4.48,0.13,0.0844,0.0014,0.2326,0.0016,3.79,0.06,2.53,0.07,2.21,0.08,1.46,0.06,0.76,0.04,0.78,0.04,5.28,0.05,0.0309,0.0012,0.0658,0.001
61,B068D,0.044,0.026,0.065,0.032,0.96,0.45,4.14,0.75,1.69,1.15,0.41,0.54,2.68,0.76,2.99,1.09,1.92,0.43,3.44,0.89,0.0346,0.0089,0.1671,0.0105,2.85,0.41,2.44,0.45,1.81,0.54,0.88,0.4,0.48,0.33,0.76,0.3,3.35,0.44,0.0483,0.009,0.0647,0.0075
62,B070-G133,-0.07,0.004,-0.042,0.004,0.13,0.07,1.68,0.12,0.51,0.18,0.06,0.09,0.96,0.14,1.27,0.2,2.51,0.08,1.39,0.17,0.0272,0.0017,0.0717,0.0019,0.93,0.08,0.71,0.09,0.6,0.1,0.35,0.08,0.22,0.06,0.19,0.06,2.97,0.07,0.0072,0.0016,0.0072,0.0013
63,B071,0.155,0.014,0.191,0.017,1.06,0.23,5.62,0.35,4.26,0.52,0.99,0.26,3.32,0.36,4.7,0.51,1.97,0.21,4.45,0.42,0.0998,0.0044,0.2514,0.0053,4.11,0.2,2.38,0.22,2.6,0.25,1.74,0.18,1.03,0.15,0.98,0.14,4.07,0.19,0.0286,0.0041,0.0621,0.0035
64,B072,0.029,0.008,0.061,0.01,0.93,0.15,4.99,0.23,3.46,0.32,0.76,0.15,2.28,0.21,2.7,0.28,1.79,0.1,3.89,0.2,0.0631,0.0019,0.1852,0.0022,3.0,0.09,1.95,0.09,1.72,0.1,1.18,0.07,0.82,0.05,0.68,0.05,4.2,0.07,0.0311,0.0014,0.063,0.0011
65,B072D,-0.031,0.017,0.0,0.021,0.42,0.33,4.38,0.53,1.1,0.86,0.5,0.38,2.5,0.53,0.74,0.79,2.05,0.3,3.18,0.63,0.0563,0.0064,0.1411,0.0074,2.02,0.3,1.79,0.33,1.32,0.38,0.98,0.28,0.68,0.23,0.26,0.23,2.35,0.34,0.014,0.0066,0.0211,0.0053
66,B073-G134,0.055,0.003,0.082,0.004,0.54,0.07,5.06,0.1,2.98,0.15,0.89,0.08,2.86,0.11,2.78,0.16,1.73,0.07,3.86,0.14,0.0637,0.0014,0.1784,0.0016,3.04,0.06,2.22,0.07,1.75,0.08,1.21,0.06,0.78,0.05,0.53,0.05,2.49,0.06,0.0292,0.0013,0.0474,0.0011
67,B074-G135,-0.081,0.003,-0.057,0.004,0.22,0.06,2.05,0.1,0.19,0.16,0.17,0.07,1.37,0.11,0.63,0.16,2.59,0.06,1.76,0.13,0.0248,0.0013,0.0769,0.0015,1.1,0.06,1.03,0.07,0.81,0.08,0.51,0.06,0.33,0.05,0.15,0.05,1.93,0.06,0.0123,0.0013,0.004,0.0011
68,B075-G136,-0.063,0.009,-0.034,0.011,0.35,0.18,2.57,0.29,1.5,0.45,0.04,0.22,1.72,0.31,1.4,0.44,2.14,0.17,2.25,0.35,0.0348,0.0035,0.104,0.004,1.45,0.16,1.1,0.18,1.17,0.21,0.67,0.15,0.47,0.12,0.46,0.12,3.01,0.17,0.0133,0.0034,0.0145,0.0027
69,B076-G138,-0.056,0.004,-0.032,0.005,0.33,0.08,2.58,0.14,0.89,0.21,0.42,0.11,1.66,0.16,0.97,0.23,2.39,0.09,1.89,0.19,0.0277,0.0019,0.0868,0.0022,1.27,0.09,1.31,0.1,1.01,0.12,0.63,0.09,0.41,0.07,0.23,0.07,2.41,0.08,0.0087,0.0019,0.0041,0.0016
70,B077-G139,0.023,0.006,0.046,0.007,0.69,0.11,4.43,0.17,2.17,0.25,0.64,0.12,2.49,0.17,2.5,0.24,1.53,0.09,3.67,0.19,0.0567,0.0019,0.1591,0.0022,2.54,0.09,1.92,0.09,1.53,0.11,1.0,0.08,0.64,0.06,0.25,0.06,3.11,0.07,0.0205,0.0016,0.0392,0.0013
71,B078-G140,-0.015,0.028,0.026,0.034,0.58,0.49,3.17,0.75,3.57,1.05,0.56,0.48,1.47,0.68,2.85,0.86,2.02,0.3,2.2,0.59,0.0435,0.0056,0.1247,0.0063,1.44,0.26,1.77,0.27,1.2,0.31,0.62,0.22,0.53,0.15,0.56,0.15,3.17,0.19,0.0036,0.004,0.0166,0.0032
72,B078D,0.054,0.045,0.105,0.054,0.5,0.83,4.67,1.23,4.54,1.67,1.92,0.82,2.73,1.12,3.03,1.56,1.18,0.58,4.74,1.12,0.097,0.0113,0.2343,0.0132,3.67,0.51,2.51,0.55,1.97,0.61,1.57,0.44,0.74,0.35,0.69,0.33,3.78,0.46,0.0587,0.0094,0.1378,0.0077
73,B080-G141,-0.076,0.021,-0.043,0.026,0.17,0.39,2.2,0.63,1.23,0.98,0.34,0.44,1.41,0.63,-0.13,0.89,2.54,0.32,2.46,0.64,0.0314,0.0063,0.0771,0.007,0.88,0.29,1.08,0.31,0.8,0.36,0.52,0.26,0.38,0.2,0.39,0.19,3.61,0.26,0.0174,0.0052,0.0145,0.0041
74,B082-G144,0.031,0.004,0.059,0.005,0.6,0.07,4.03,0.11,2.5,0.16,0.72,0.08,2.42,0.11,2.15,0.15,1.89,0.06,3.55,0.11,0.0673,0.0011,0.1692,0.0012,2.55,0.05,1.93,0.05,1.66,0.06,1.16,0.04,0.72,0.03,0.62,0.03,4.03,0.03,0.0239,0.0008,0.0405,0.0006
75,B083-G146,-0.042,0.004,-0.021,0.005,0.36,0.08,3.31,0.13,0.95,0.22,0.42,0.1,1.91,0.14,0.65,0.21,2.26,0.08,2.68,0.17,0.0346,0.0017,0.1,0.002,1.55,0.08,1.39,0.09,1.25,0.11,0.69,0.08,0.42,0.06,0.36,0.06,2.1,0.09,0.0089,0.0018,0.0126,0.0015
76,B084,-0.03,0.019,-0.011,0.024,0.33,0.35,2.98,0.55,2.23,0.81,0.53,0.36,2.12,0.51,1.03,0.71,2.02,0.26,2.47,0.5,0.0544,0.0049,0.1477,0.0055,1.99,0.22,1.58,0.24,1.1,0.27,1.05,0.19,0.5,0.15,0.47,0.14,3.83,0.19,0.0143,0.0039,0.02,0.0031
77,B085-G147,-0.083,0.003,-0.062,0.004,0.33,0.06,1.67,0.11,0.18,0.17,0.13,0.08,1.19,0.12,0.82,0.18,2.59,0.07,1.29,0.15,0.0164,0.0015,0.0585,0.0017,0.77,0.07,0.85,0.08,0.72,0.09,0.48,0.07,0.19,0.05,0.2,0.05,1.27,0.07,0.0087,0.0015,0.0002,0.0013
78,B086-G148,-0.064,0.003,-0.043,0.004,0.24,0.06,2.02,0.1,0.58,0.15,0.13,0.08,1.1,0.12,0.26,0.17,2.41,0.07,1.32,0.14,0.0157,0.0014,0.0548,0.0016,0.75,0.07,0.68,0.08,0.76,0.09,0.35,0.07,0.27,0.05,0.12,0.05,1.22,0.06,0.0075,0.0014,0.0013,0.0012
79,B087,-0.026,0.011,0.002,0.014,0.45,0.21,3.61,0.34,2.03,0.55,0.37,0.25,1.68,0.36,1.28,0.51,2.12,0.2,2.89,0.4,0.0359,0.004,0.1155,0.0046,2.0,0.19,1.66,0.2,1.33,0.24,0.77,0.17,0.58,0.14,0.56,0.13,1.58,0.21,0.0136,0.0039,0.0212,0.0032
80,B087D,-0.063,0.007,-0.045,0.009,0.3,0.14,3.1,0.23,0.89,0.36,0.33,0.17,2.2,0.25,0.59,0.37,2.41,0.14,2.98,0.3,0.0335,0.003,0.1022,0.0035,1.46,0.14,1.31,0.16,1.24,0.18,0.75,0.14,0.54,0.11,0.29,0.11,1.59,0.15,0.0192,0.0031,0.0284,0.0026
81,B088-G150,-0.074,0.002,-0.054,0.003,0.15,0.04,1.87,0.07,0.58,0.11,0.07,0.06,0.89,0.08,0.65,0.11,2.3,0.04,1.28,0.09,0.0155,0.0009,0.0596,0.001,0.8,0.04,0.8,0.05,0.64,0.05,0.31,0.04,0.3,0.03,0.45,0.03,2.95,0.03,0.0079,0.0008,0.0049,0.0006
82,B090,0.048,0.01,0.075,0.013,0.54,0.19,4.86,0.3,2.5,0.46,0.89,0.21,2.93,0.3,2.18,0.43,1.3,0.17,4.37,0.34,0.0664,0.0036,0.1715,0.0042,2.88,0.17,1.93,0.18,1.5,0.21,1.28,0.16,0.75,0.13,0.61,0.12,2.36,0.18,0.0228,0.0036,0.028,0.0029
83,B090D,0.148,0.01,0.191,0.012,0.73,0.19,5.37,0.28,4.71,0.39,1.25,0.21,3.29,0.3,5.73,0.44,1.65,0.19,5.27,0.4,0.1056,0.0041,0.2779,0.0051,4.71,0.19,2.42,0.21,2.23,0.24,1.59,0.18,0.66,0.15,0.94,0.14,4.23,0.19,0.0508,0.0043,0.0892,0.0038
84,B092-G152,-0.04,0.005,-0.013,0.006,0.58,0.09,3.14,0.15,1.6,0.22,0.44,0.11,1.85,0.17,1.55,0.25,2.47,0.1,2.87,0.21,0.0474,0.0021,0.1363,0.0025,2.15,0.1,1.48,0.11,1.42,0.13,0.98,0.1,0.67,0.07,0.41,0.07,2.19,0.09,0.0201,0.002,0.0234,0.0017
85,B092D,0.161,0.065,0.206,0.077,1.76,1.02,5.16,1.56,10.05,1.7,2.6,0.91,4.59,1.27,10.8,1.72,1.17,0.75,6.37,1.44,0.2206,0.0157,0.3763,0.019,4.64,0.72,3.9,0.7,2.76,0.79,1.9,0.6,1.68,0.45,1.03,0.43,7.29,0.58,0.0458,0.0127,0.064,0.0106
86,B093-G155,-0.024,0.009,0.008,0.011,0.21,0.17,3.35,0.27,1.38,0.44,0.42,0.2,2.36,0.29,-0.15,0.42,2.12,0.16,2.53,0.33,0.0309,0.0033,0.1022,0.0037,1.54,0.15,1.22,0.17,1.21,0.19,0.59,0.14,0.36,0.11,0.3,0.1,1.83,0.14,0.0131,0.003,0.0179,0.0024
87,B094-G156,0.084,0.002,0.112,0.002,0.66,0.04,4.97,0.06,3.13,0.08,0.95,0.04,2.96,0.06,3.21,0.09,1.58,0.03,4.33,0.07,0.0724,0.0007,0.2015,0.0009,3.34,0.03,2.35,0.04,2.03,0.04,1.35,0.03,0.79,0.02,0.64,0.02,2.98,0.03,0.0305,0.0007,0.0584,0.0006
88,B095-G157,-0.052,0.004,-0.031,0.005,0.26,0.07,2.33,0.12,0.7,0.18,0.26,0.09,1.61,0.13,0.44,0.18,2.34,0.07,2.01,0.14,0.0242,0.0014,0.0756,0.0015,1.12,0.06,0.99,0.07,1.02,0.08,0.59,0.06,0.43,0.04,0.15,0.04,3.2,0.05,0.0126,0.0012,0.0068,0.001
89,B096-G158,0.106,0.01,0.131,0.012,0.7,0.17,5.26,0.25,3.59,0.36,0.92,0.17,3.47,0.23,3.64,0.31,1.57,0.12,4.67,0.22,0.0813,0.0022,0.2267,0.0026,3.62,0.1,2.52,0.1,2.16,0.12,1.42,0.09,0.87,0.06,0.77,0.06,4.99,0.07,0.0357,0.0016,0.0694,0.0013
90,B097-G159,-0.027,0.005,-0.003,0.006,0.54,0.09,3.5,0.15,1.9,0.22,0.5,0.11,2.11,0.16,1.22,0.23,2.09,0.09,2.52,0.18,0.0431,0.0018,0.1199,0.0021,1.72,0.09,1.73,0.09,1.2,0.11,0.95,0.08,0.56,0.06,0.51,0.06,3.37,0.07,0.0156,0.0017,0.0226,0.0014
91,B098,0.015,0.003,0.041,0.004,0.62,0.06,4.3,0.09,2.25,0.13,0.69,0.07,2.5,0.1,1.92,0.15,1.71,0.06,3.39,0.12,0.0443,0.0012,0.1407,0.0014,2.31,0.06,1.93,0.06,1.51,0.07,1.09,0.05,0.65,0.04,0.47,0.04,1.88,0.05,0.0223,0.0012,0.0349,0.001
92,B099-G161,-0.05,0.004,-0.025,0.005,0.31,0.08,2.71,0.13,0.85,0.21,0.43,0.1,1.83,0.15,0.5,0.23,2.3,0.09,2.25,0.19,0.026,0.0019,0.0932,0.0022,1.43,0.09,1.2,0.1,1.0,0.12,0.49,0.09,0.45,0.07,0.25,0.07,1.5,0.09,0.0135,0.002,0.0166,0.0017
93,B100-G163,0.006,0.007,0.017,0.009,0.57,0.14,5.22,0.22,2.3,0.35,0.68,0.16,2.76,0.22,2.88,0.32,1.71,0.13,2.99,0.27,0.0573,0.0027,0.1512,0.0032,2.43,0.13,1.52,0.14,1.6,0.16,1.13,0.12,0.54,0.1,0.45,0.09,2.29,0.13,0.0194,0.0027,0.0301,0.0022
94,B101-G164,-0.01,0.004,0.017,0.005,0.37,0.09,3.2,0.14,1.61,0.21,0.58,0.11,2.07,0.16,1.11,0.23,2.17,0.09,3.04,0.19,0.0434,0.002,0.1242,0.0023,1.94,0.09,1.64,0.1,1.27,0.12,0.79,0.09,0.48,0.07,0.4,0.07,1.86,0.09,0.0188,0.002,0.0269,0.0017
95,B103-G165,0.083,0.002,0.114,0.003,0.64,0.04,4.96,0.06,3.3,0.09,0.89,0.05,2.99,0.07,3.55,0.09,1.69,0.04,4.31,0.08,0.0697,0.0008,0.201,0.0009,3.34,0.04,2.28,0.04,1.95,0.04,1.31,0.03,0.78,0.03,0.59,0.02,4.03,0.03,0.0312,0.0007,0.059,0.0006
96,B103D-G245,0.012,0.007,0.036,0.008,0.53,0.13,4.36,0.2,2.51,0.3,0.76,0.15,2.86,0.22,2.66,0.31,1.85,0.13,3.48,0.26,0.0502,0.0027,0.1647,0.0032,2.65,0.12,1.96,0.14,1.54,0.16,1.08,0.12,0.56,0.1,0.48,0.09,2.22,0.13,0.0287,0.0027,0.0572,0.0023
97,B104-NB5,-0.062,0.014,-0.028,0.018,0.23,0.28,2.17,0.46,1.67,0.7,-0.29,0.38,1.75,0.55,0.85,0.81,2.56,0.31,1.24,0.68,0.0166,0.0067,0.0689,0.0076,0.72,0.32,0.87,0.36,1.13,0.43,0.43,0.32,0.44,0.25,0.17,0.24,1.83,0.32,0.0141,0.0069,0.0112,0.0057
98,B105-G166,-0.019,0.004,0.002,0.006,0.57,0.09,4.68,0.14,2.5,0.21,0.58,0.1,2.47,0.15,1.28,0.21,1.69,0.08,3.33,0.17,0.0462,0.0017,0.1392,0.002,2.2,0.08,1.66,0.09,1.26,0.1,1.04,0.08,0.62,0.06,0.46,0.06,2.2,0.08,0.0207,0.0017,0.0356,0.0014
99,B106-G168,0.027,0.004,0.052,0.005,0.73,0.08,4.68,0.12,2.53,0.18,0.85,0.09,2.65,0.13,2.7,0.19,1.72,0.07,3.97,0.15,0.0577,0.0015,0.1719,0.0018,2.87,0.07,2.02,0.08,1.83,0.09,1.16,0.07,0.68,0.05,0.57,0.05,2.46,0.06,0.0349,0.0014,0.061,0.0012
100,B107-G169,-0.011,0.002,0.015,0.003,0.46,0.05,3.23,0.07,1.56,0.11,0.49,0.06,2.11,0.08,1.51,0.12,2.22,0.04,2.85,0.09,0.0358,0.0009,0.1172,0.0011,1.76,0.04,1.63,0.05,1.4,0.06,0.92,0.04,0.54,0.03,0.41,0.03,3.39,0.04,0.0151,0.0008,0.0189,0.0007
101,B108-G167,0.099,0.017,0.128,0.02,0.74,0.3,5.13,0.47,4.1,0.68,0.87,0.33,3.17,0.46,4.03,0.65,1.75,0.27,5.89,0.53,0.0928,0.0056,0.2384,0.0066,3.89,0.25,3.01,0.28,2.38,0.31,1.65,0.23,0.97,0.19,0.81,0.18,3.2,0.25,0.0473,0.0053,0.0689,0.0044
102,B109-G170,0.134,0.008,0.173,0.01,0.83,0.15,5.5,0.23,3.88,0.34,1.04,0.17,3.28,0.24,4.88,0.34,1.83,0.14,5.17,0.28,0.1022,0.0029,0.261,0.0035,4.43,0.13,2.54,0.15,2.24,0.17,1.66,0.12,0.86,0.1,0.73,0.09,3.94,0.12,0.0416,0.0028,0.0879,0.0024
103,B110-G172,0.017,0.002,0.046,0.002,0.62,0.04,3.89,0.06,2.32,0.09,0.73,0.05,2.61,0.07,2.27,0.1,1.97,0.04,3.63,0.09,0.0534,0.0009,0.1619,0.001,2.56,0.04,2.0,0.05,1.77,0.05,1.17,0.04,0.67,0.03,0.52,0.03,2.39,0.04,0.0291,0.0008,0.048,0.0007
104,B110D-V296,-0.052,0.015,-0.032,0.019,0.33,0.3,2.98,0.46,0.1,0.74,0.09,0.33,2.56,0.46,1.73,0.65,2.33,0.25,3.2,0.52,0.0382,0.0053,0.1113,0.0061,1.4,0.25,0.89,0.28,1.19,0.32,0.57,0.24,0.46,0.19,0.49,0.19,2.36,0.26,0.0066,0.0054,0.0097,0.0044
105,B111-G173,-0.07,0.003,-0.045,0.004,0.34,0.07,2.33,0.11,0.64,0.17,0.28,0.09,1.48,0.13,0.38,0.19,2.48,0.07,2.07,0.16,0.018,0.0016,0.0745,0.0018,1.18,0.07,1.32,0.08,0.94,0.1,0.64,0.07,0.26,0.05,0.27,0.05,1.51,0.07,0.006,0.0015,0.002,0.0013
106,B112-G174,0.174,0.009,0.208,0.011,1.11,0.15,5.42,0.23,5.51,0.3,1.7,0.15,3.72,0.21,6.84,0.29,1.38,0.12,5.34,0.23,0.1455,0.0024,0.3345,0.003,5.46,0.11,3.22,0.12,2.82,0.13,2.1,0.1,1.03,0.07,0.94,0.07,5.09,0.09,0.0415,0.002,0.0903,0.0017
107,B114-G175,-0.095,0.009,-0.068,0.011,0.17,0.18,0.86,0.31,0.52,0.48,0.02,0.25,0.8,0.38,0.12,0.56,3.19,0.21,1.93,0.47,0.0154,0.0047,0.0469,0.0053,0.37,0.22,0.45,0.26,0.57,0.31,0.37,0.22,0.02,0.18,0.23,0.17,1.51,0.23,0.0192,0.0049,0.0083,0.0041
108,B115-G177,0.175,0.004,0.211,0.005,0.97,0.07,5.44,0.11,4.75,0.15,1.32,0.08,3.56,0.11,5.61,0.16,0.88,0.07,2.0,0.14,0.1183,0.0014,0.2894,0.0017,4.72,0.06,2.9,0.07,2.59,0.08,1.79,0.06,0.98,0.05,0.8,0.04,5.0,0.05,0.0397,0.0013,0.0759,0.0011
109,B116-G178,0.029,0.005,0.057,0.006,0.57,0.09,4.46,0.14,2.93,0.22,0.66,0.1,2.42,0.14,1.74,0.2,1.55,0.08,3.86,0.15,0.0679,0.0015,0.1771,0.0017,2.61,0.07,2.18,0.07,1.64,0.08,1.04,0.06,0.8,0.04,1.03,0.04,3.73,0.05,0.0221,0.0012,0.0505,0.0009
110,B117-G176,-0.068,0.004,-0.049,0.005,0.3,0.08,2.18,0.13,0.39,0.2,0.2,0.1,1.1,0.15,0.1,0.23,2.38,0.09,1.91,0.19,0.0188,0.0019,0.0647,0.0022,0.94,0.09,0.91,0.1,0.63,0.12,0.45,0.09,0.14,0.07,0.16,0.07,1.08,0.09,0.0087,0.002,-0.0033,0.0017
111,B119-NB14,0.011,0.017,0.034,0.021,0.74,0.31,3.89,0.52,1.85,0.82,0.81,0.4,2.27,0.6,3.15,0.86,1.74,0.34,3.67,0.71,0.0461,0.0072,0.1441,0.0083,2.58,0.33,1.69,0.38,1.72,0.44,1.25,0.32,0.19,0.25,0.49,0.24,2.94,0.31,0.012,0.0069,0.0393,0.0058
112,B122-G181,-0.065,0.012,-0.052,0.015,0.45,0.23,3.83,0.35,1.48,0.56,0.48,0.24,2.22,0.34,0.93,0.47,1.46,0.17,3.01,0.34,0.0509,0.0033,0.1432,0.0037,2.01,0.15,1.35,0.16,1.22,0.18,0.94,0.13,0.6,0.1,0.74,0.09,3.64,0.12,0.0242,0.0025,0.0381,0.002
113,B123-G182,0.009,0.013,0.026,0.017,0.61,0.25,3.66,0.4,1.8,0.64,0.19,0.31,2.38,0.44,1.34,0.64,1.75,0.25,2.87,0.52,0.0487,0.0052,0.1445,0.0061,2.19,0.24,1.96,0.27,1.79,0.31,1.17,0.23,0.6,0.18,0.55,0.18,2.12,0.24,0.031,0.0052,0.0363,0.0043
114,B124-NB10,0.08,0.003,0.115,0.003,0.65,0.05,4.29,0.08,3.01,0.11,0.91,0.06,2.99,0.08,2.73,0.12,1.83,0.05,4.0,0.1,0.0567,0.001,0.174,0.0012,3.12,0.05,2.19,0.05,1.95,0.06,1.39,0.05,0.83,0.04,0.69,0.03,2.8,0.04,0.0315,0.001,0.0595,0.0008
115,B125-G183,-0.071,0.004,-0.05,0.004,0.27,0.07,2.32,0.12,0.68,0.18,0.2,0.09,1.56,0.14,0.77,0.2,2.5,0.08,1.42,0.17,0.019,0.0017,0.0742,0.0019,1.15,0.08,0.98,0.09,0.87,0.1,0.42,0.08,0.32,0.06,0.15,0.06,0.95,0.08,0.0104,0.0017,0.0009,0.0014
116,B126-G184,-0.056,0.009,-0.026,0.012,0.06,0.19,2.42,0.31,0.72,0.5,0.21,0.25,1.35,0.38,-0.14,0.56,2.09,0.22,1.49,0.47,0.0255,0.0047,0.0832,0.0053,1.23,0.22,1.02,0.25,0.81,0.3,0.34,0.22,0.44,0.17,0.34,0.17,1.88,0.23,0.0155,0.005,0.0068,0.0042
117,B127-G185,0.024,0.002,0.05,0.002,0.61,0.03,3.85,0.05,2.25,0.07,0.64,0.04,2.41,0.06,1.86,0.08,1.93,0.03,3.26,0.06,0.0473,0.0006,0.1495,0.0008,2.49,0.03,2.04,0.03,1.67,0.04,1.06,0.03,0.68,0.02,0.49,0.02,3.09,0.03,0.0226,0.0006,0.0392,0.0005
118,B128-G187,0.056,0.006,0.087,0.007,0.85,0.11,4.64,0.17,2.9,0.26,0.85,0.13,2.75,0.19,2.69,0.27,1.69,0.11,3.95,0.22,0.0617,0.0023,0.1875,0.0027,3.06,0.11,2.18,0.12,1.82,0.14,1.41,0.1,0.77,0.08,0.61,0.08,2.52,0.1,0.0339,0.0023,0.0609,0.002
119,B129,0.012,0.017,0.021,0.021,0.41,0.29,3.52,0.43,2.41,0.59,0.76,0.27,2.72,0.35,2.58,0.45,2.04,0.15,3.52,0.27,0.0644,0.0026,0.1628,0.0029,2.33,0.11,1.83,0.12,1.55,0.13,1.13,0.09,0.66,0.06,0.64,0.06,5.1,0.07,0.027,0.0016,0.0477,0.0013
120,B130-G188,-0.059,0.005,-0.037,0.007,0.43,0.1,2.68,0.17,0.8,0.26,0.24,0.13,1.7,0.18,1.38,0.26,2.53,0.1,2.6,0.21,0.0223,0.0021,0.1006,0.0024,1.4,0.1,1.35,0.11,1.03,0.12,0.65,0.09,0.51,0.07,0.35,0.07,2.97,0.09,0.0121,0.0019,0.0092,0.0016
121,B131-G189,0.028,0.004,0.056,0.006,0.54,0.09,4.11,0.14,2.16,0.21,0.63,0.11,2.7,0.16,2.45,0.24,1.9,0.09,3.95,0.19,0.06,0.002,0.1668,0.0023,2.56,0.09,1.91,0.1,1.74,0.12,0.98,0.09,0.63,0.07,0.48,0.07,2.43,0.08,0.0257,0.0019,0.0393,0.0016
122,B132-NB15,0.164,0.026,0.192,0.031,0.66,0.45,4.83,0.69,6.35,0.9,1.28,0.5,2.81,0.71,6.91,0.97,1.17,0.41,4.52,0.82,0.1309,0.0086,0.309,0.0104,4.61,0.39,2.23,0.43,1.82,0.49,1.66,0.36,1.34,0.27,0.65,0.26,5.17,0.31,0.0444,0.0075,0.0836,0.0064
123,B134-G190,-0.013,0.005,0.012,0.007,0.39,0.1,4.53,0.16,2.16,0.25,0.53,0.13,2.41,0.18,1.96,0.26,1.85,0.1,2.92,0.21,0.0463,0.0021,0.1215,0.0024,1.76,0.1,1.68,0.11,1.41,0.13,0.83,0.09,0.56,0.07,0.36,0.07,1.87,0.09,0.0214,0.002,0.0337,0.0017
124,B135-G192,-0.061,0.002,-0.04,0.003,0.17,0.05,2.11,0.07,0.54,0.11,0.19,0.06,1.01,0.09,0.11,0.13,2.38,0.05,1.12,0.1,0.0201,0.001,0.0624,0.0012,0.81,0.05,0.83,0.05,0.61,0.06,0.41,0.05,0.21,0.03,0.22,0.03,2.85,0.04,0.0058,0.0009,0.0015,0.0008
125,B136-G194,-0.064,0.01,-0.044,0.012,0.25,0.19,2.4,0.32,0.78,0.51,0.17,0.26,1.43,0.38,0.66,0.56,2.43,0.22,2.24,0.46,0.0222,0.0046,0.0901,0.0052,1.29,0.21,1.54,0.24,1.0,0.29,0.45,0.22,0.23,0.17,0.02,0.16,2.15,0.21,0.0027,0.0047,-0.0024,0.0039
126,B137-G195,-0.073,0.008,-0.043,0.01,0.21,0.16,2.05,0.25,1.2,0.39,0.32,0.18,1.62,0.27,0.1,0.38,2.38,0.14,2.02,0.29,0.0308,0.0028,0.0881,0.0032,1.2,0.13,1.05,0.15,0.78,0.17,0.68,0.12,0.52,0.09,0.46,0.09,2.79,0.12,0.0118,0.0025,0.0178,0.002
127,B138,0.147,0.015,0.183,0.018,0.86,0.26,5.51,0.4,4.42,0.58,1.01,0.3,2.49,0.44,5.23,0.6,1.92,0.25,4.47,0.52,0.0976,0.0053,0.2678,0.0064,4.26,0.24,2.58,0.27,2.67,0.3,1.43,0.23,0.81,0.18,0.95,0.17,3.95,0.22,0.043,0.0049,0.0694,0.0041
128,B140-G196,0.104,0.022,0.153,0.027,0.99,0.37,5.08,0.6,4.84,0.88,1.34,0.41,3.56,0.57,3.64,0.82,1.97,0.33,6.37,0.65,0.101,0.0069,0.2116,0.0082,4.23,0.31,2.53,0.34,2.63,0.39,1.56,0.29,0.81,0.24,0.42,0.23,3.57,0.32,0.0409,0.0067,0.0528,0.0055
129,B141-G197,-0.069,0.005,-0.044,0.006,0.36,0.09,2.32,0.15,0.78,0.23,0.2,0.11,1.56,0.16,0.67,0.23,2.36,0.09,2.1,0.18,0.019,0.0018,0.0748,0.0021,1.23,0.09,1.05,0.09,0.89,0.11,0.48,0.08,0.39,0.06,0.3,0.06,2.95,0.08,0.0133,0.0017,0.0081,0.0014
130,B143-G198,0.132,0.004,0.166,0.004,0.95,0.06,5.09,0.1,4.2,0.14,1.27,0.07,3.28,0.1,4.74,0.14,1.64,0.06,5.15,0.12,0.0975,0.0012,0.2602,0.0015,4.25,0.06,2.77,0.06,2.42,0.07,1.77,0.05,0.9,0.04,0.82,0.04,4.15,0.05,0.0388,0.0011,0.0739,0.001
131,B144,0.129,0.012,0.162,0.015,1.05,0.22,5.76,0.34,3.97,0.5,1.37,0.25,3.47,0.36,4.13,0.52,1.67,0.21,4.98,0.42,0.0706,0.0043,0.2331,0.0052,4.26,0.19,2.94,0.22,2.6,0.25,1.42,0.19,0.87,0.14,0.79,0.14,3.6,0.18,0.0432,0.004,0.0695,0.0034
132,B145,-0.019,0.024,0.007,0.03,0.36,0.45,3.91,0.74,1.85,1.19,0.66,0.57,2.28,0.81,0.27,1.21,1.51,0.47,3.53,0.96,0.0395,0.0099,0.1235,0.0114,2.28,0.45,0.9,0.52,1.55,0.6,0.52,0.45,0.57,0.36,0.54,0.34,0.83,0.49,0.007,0.01,0.0091,0.0082
133,B146,0.034,0.01,0.059,0.013,0.65,0.2,4.31,0.31,3.03,0.47,0.7,0.24,2.39,0.35,1.52,0.52,2.0,0.2,3.44,0.42,0.0566,0.0043,0.1542,0.005,2.43,0.2,1.66,0.23,1.28,0.26,0.87,0.19,0.56,0.15,0.48,0.15,1.99,0.2,0.0229,0.0042,0.0402,0.0036
134,B147-G199,0.136,0.004,0.17,0.005,0.92,0.07,5.24,0.11,4.21,0.15,1.26,0.08,3.35,0.11,4.8,0.16,1.54,0.07,5.0,0.13,0.093,0.0014,0.2556,0.0016,4.34,0.06,2.71,0.07,2.43,0.08,1.65,0.06,0.91,0.04,0.76,0.04,4.32,0.05,0.0355,0.0012,0.0703,0.001
135,B148-G200,-0.03,0.002,-0.005,0.003,0.37,0.04,2.87,0.07,1.18,0.11,0.48,0.06,1.95,0.08,1.44,0.12,2.15,0.05,2.39,0.1,0.0312,0.001,0.104,0.0011,1.58,0.05,1.43,0.05,1.31,0.06,0.73,0.04,0.43,0.03,0.33,0.03,2.15,0.04,0.013,0.0009,0.0128,0.0008
136,B149-G201,-0.052,0.005,-0.03,0.006,0.34,0.09,2.39,0.15,1.11,0.22,0.22,0.11,1.46,0.15,0.42,0.22,2.43,0.08,2.02,0.17,0.023,0.0017,0.0803,0.0019,1.2,0.08,1.15,0.09,1.02,0.1,0.54,0.07,0.43,0.06,0.3,0.05,3.38,0.07,0.0089,0.0015,0.0082,0.0012
137,B150-G203,0.104,0.005,0.136,0.007,0.76,0.1,5.35,0.15,3.68,0.21,1.11,0.11,3.0,0.15,3.43,0.21,1.68,0.09,4.48,0.17,0.0805,0.0018,0.224,0.0021,3.69,0.08,2.57,0.09,2.11,0.1,1.47,0.07,0.79,0.06,0.66,0.05,3.09,0.07,0.0369,0.0016,0.0688,0.0013
138,B151-G205,0.049,0.004,0.075,0.005,0.66,0.07,4.33,0.11,2.27,0.16,0.78,0.08,2.83,0.11,2.7,0.16,1.73,0.06,3.85,0.12,0.0645,0.0012,0.1757,0.0014,2.7,0.06,2.17,0.06,1.84,0.07,1.23,0.05,0.68,0.04,0.61,0.04,3.64,0.04,0.0267,0.001,0.0517,0.0008
139,B152-G207,0.021,0.006,0.05,0.007,0.56,0.12,4.41,0.19,2.55,0.28,0.71,0.14,2.49,0.21,3.17,0.3,1.67,0.12,3.6,0.25,0.049,0.0025,0.1574,0.0029,2.74,0.11,1.99,0.13,1.62,0.15,1.09,0.11,0.55,0.09,0.45,0.08,1.88,0.11,0.025,0.0023,0.0386,0.002
140,B153,0.12,0.006,0.15,0.008,0.83,0.11,4.89,0.18,4.18,0.26,1.01,0.13,3.03,0.19,3.26,0.28,1.72,0.11,4.49,0.23,0.0756,0.0023,0.219,0.0028,3.79,0.11,2.6,0.12,2.09,0.13,1.52,0.1,0.83,0.08,0.56,0.07,3.35,0.1,0.0367,0.0021,0.0667,0.0018
141,B154-G208,0.104,0.013,0.14,0.015,0.91,0.22,5.55,0.35,4.22,0.51,0.84,0.26,3.16,0.36,2.72,0.53,1.72,0.21,4.85,0.43,0.0784,0.0044,0.2147,0.0053,3.67,0.2,2.64,0.22,2.31,0.26,1.3,0.19,0.88,0.15,0.72,0.15,3.19,0.2,0.0349,0.0043,0.0548,0.0036
142,B155-G210,0.08,0.009,0.114,0.01,0.78,0.15,4.96,0.24,3.09,0.37,0.87,0.17,2.58,0.25,3.55,0.35,1.59,0.14,4.47,0.29,0.0703,0.003,0.2001,0.0036,3.41,0.14,2.11,0.15,1.99,0.17,1.26,0.13,0.71,0.11,0.59,0.1,2.99,0.15,0.0385,0.003,0.0691,0.0025
143,B156-G211,-0.046,0.003,-0.019,0.004,0.35,0.06,2.8,0.11,1.11,0.16,0.27,0.08,2.05,0.12,1.18,0.17,2.46,0.07,2.3,0.14,0.0305,0.0014,0.099,0.0017,1.51,0.07,1.28,0.08,1.15,0.09,0.73,0.07,0.44,0.05,0.27,0.05,1.95,0.07,0.0151,0.0015,0.0116,0.0012
144,B157-G212,-0.093,0.007,-0.07,0.009,-0.03,0.14,-0.05,0.24,-0.18,0.37,0.01,0.18,0.61,0.28,0.63,0.41,3.01,0.16,-0.06,0.35,0.0128,0.0034,0.0373,0.0038,0.53,0.16,0.22,0.18,0.42,0.22,-0.13,0.16,0.15,0.13,0.13,0.13,1.41,0.18,0.0068,0.0037,0.0011,0.0031
145,B158-G213,0.031,0.002,0.058,0.002,0.58,0.03,3.81,0.05,2.45,0.07,0.65,0.04,2.53,0.05,2.0,0.08,1.72,0.03,3.39,0.06,0.0435,0.0007,0.143,0.0008,2.34,0.03,1.87,0.03,1.59,0.04,1.1,0.03,0.63,0.02,0.48,0.02,2.35,0.03,0.018,0.0006,0.0375,0.0005
146,B159,-0.01,0.017,0.006,0.021,0.76,0.32,3.27,0.51,1.49,0.8,0.47,0.36,2.66,0.5,1.08,0.71,2.16,0.26,3.01,0.53,0.0534,0.0053,0.136,0.006,1.86,0.24,1.59,0.26,0.95,0.3,0.66,0.22,0.79,0.17,0.21,0.16,4.01,0.21,0.0201,0.0044,0.0261,0.0036
147,B160-G214,-0.11,0.01,-0.092,0.013,0.3,0.19,1.13,0.33,-0.71,0.56,0.01,0.25,-0.13,0.39,-0.04,0.55,2.84,0.21,0.75,0.46,0.0236,0.0045,0.0517,0.0052,1.03,0.21,0.57,0.24,-0.13,0.3,0.35,0.21,0.14,0.18,-0.06,0.17,1.56,0.26,0.0032,0.0051,-0.0008,0.0041
148,B161-G215,-0.027,0.005,-0.001,0.007,0.38,0.1,3.03,0.17,1.4,0.27,0.26,0.13,1.88,0.19,1.55,0.28,2.32,0.11,2.68,0.23,0.0453,0.0023,0.1186,0.0027,1.71,0.11,1.46,0.12,1.35,0.14,0.73,0.11,0.61,0.08,0.36,0.08,1.72,0.11,0.0165,0.0023,0.0227,0.0019
149,B162-G216,0.061,0.006,0.089,0.007,0.81,0.1,5.63,0.16,3.73,0.24,0.88,0.12,2.93,0.17,3.51,0.24,1.48,0.1,3.89,0.2,0.0809,0.0021,0.2212,0.0025,3.79,0.09,2.22,0.1,2.05,0.12,1.29,0.09,0.74,0.07,0.58,0.07,3.11,0.09,0.0344,0.002,0.0693,0.0017
150,B163-G217,0.115,0.002,0.148,0.002,0.89,0.03,4.92,0.04,4.07,0.06,1.14,0.03,3.31,0.05,4.27,0.07,1.62,0.03,4.86,0.06,0.0906,0.0006,0.2421,0.0007,3.97,0.03,2.68,0.03,2.35,0.03,1.54,0.02,0.9,0.02,0.75,0.02,4.27,0.02,0.036,0.0005,0.0673,0.0004
151,B164-V253,0.12,0.02,0.17,0.024,1.13,0.34,4.97,0.54,3.51,0.79,1.02,0.39,2.82,0.55,5.17,0.75,1.34,0.32,3.51,0.64,0.0914,0.0065,0.2341,0.0078,3.82,0.3,2.25,0.33,2.4,0.36,1.53,0.27,0.7,0.22,0.77,0.21,3.54,0.3,0.0635,0.0063,0.086,0.0051
152,B165-G218,-0.085,0.004,-0.064,0.004,0.27,0.07,1.23,0.12,0.35,0.17,0.04,0.09,0.88,0.13,0.17,0.19,2.6,0.07,1.21,0.15,0.011,0.0015,0.0491,0.0017,0.69,0.07,0.65,0.08,0.56,0.09,0.34,0.07,0.21,0.05,0.18,0.05,1.34,0.06,0.0076,0.0014,0.0034,0.0012
153,B167,0.093,0.007,0.12,0.009,0.59,0.13,5.5,0.19,3.26,0.29,0.99,0.14,3.04,0.2,3.4,0.29,1.74,0.12,4.32,0.24,0.0783,0.0024,0.2161,0.0029,3.55,0.11,2.4,0.12,2.08,0.14,1.27,0.1,0.74,0.08,0.68,0.08,3.16,0.11,0.0361,0.0023,0.075,0.002
154,B167D,-0.085,0.009,-0.068,0.011,0.4,0.18,1.71,0.3,0.66,0.49,0.31,0.23,1.43,0.34,1.03,0.49,2.47,0.19,2.05,0.4,0.0152,0.0041,0.0586,0.0047,0.8,0.2,0.92,0.22,0.9,0.25,0.77,0.19,0.18,0.16,0.03,0.16,0.74,0.24,0.003,0.0045,0.0029,0.0036
155,B168,0.028,0.011,0.049,0.013,0.77,0.19,4.29,0.29,3.26,0.41,0.76,0.19,2.79,0.25,2.34,0.34,1.75,0.13,3.85,0.24,0.0638,0.0024,0.173,0.0027,2.85,0.11,2.17,0.11,1.73,0.13,1.26,0.09,0.96,0.07,0.84,0.06,3.37,0.09,0.0276,0.0018,0.0542,0.0014
156,B169,0.181,0.014,0.222,0.017,0.97,0.23,5.77,0.34,5.18,0.46,1.45,0.22,3.6,0.31,7.25,0.42,1.45,0.17,5.62,0.34,0.1519,0.0035,0.3375,0.0043,5.24,0.16,3.08,0.17,2.97,0.18,1.84,0.14,0.88,0.11,1.0,0.1,5.45,0.13,0.0469,0.0029,0.0894,0.0025
157,B170-G221,0.02,0.006,0.041,0.007,0.75,0.11,3.89,0.17,1.78,0.27,0.69,0.13,2.44,0.18,1.61,0.27,1.67,0.11,3.26,0.22,0.0431,0.0022,0.1457,0.0026,2.31,0.1,2.0,0.11,1.58,0.13,0.91,0.1,0.72,0.08,0.48,0.07,2.47,0.1,0.0293,0.0021,0.0346,0.0017
158,B171-G222,0.102,0.004,0.135,0.005,0.78,0.08,5.0,0.12,3.59,0.17,1.03,0.09,3.17,0.12,4.04,0.18,1.66,0.07,4.64,0.15,0.0895,0.0016,0.2255,0.0019,3.7,0.07,2.55,0.08,2.18,0.09,1.46,0.07,0.85,0.05,0.79,0.05,3.73,0.06,0.0347,0.0014,0.0672,0.0012
159,B172-G223,0.026,0.004,0.05,0.005,0.81,0.08,4.88,0.13,2.68,0.2,0.75,0.1,2.73,0.14,2.41,0.21,1.84,0.08,3.87,0.18,0.0548,0.0018,0.1759,0.0022,2.96,0.08,2.05,0.09,1.85,0.11,1.23,0.08,0.69,0.06,0.53,0.06,2.53,0.08,0.0348,0.0018,0.0552,0.0015
160,B173-G224,0.01,0.006,0.03,0.008,0.54,0.12,4.72,0.19,2.46,0.3,0.57,0.15,2.84,0.21,2.97,0.31,1.89,0.13,3.41,0.27,0.0567,0.0027,0.1704,0.0032,2.76,0.13,1.79,0.14,1.59,0.16,0.97,0.12,0.68,0.1,0.37,0.09,2.52,0.13,0.0235,0.0027,0.0373,0.0023
161,B174-G226,-0.021,0.004,0.002,0.004,0.38,0.07,2.99,0.12,1.56,0.17,0.39,0.09,1.96,0.13,1.38,0.19,2.07,0.07,2.78,0.15,0.0343,0.0015,0.1063,0.0018,1.57,0.07,1.46,0.08,1.4,0.09,0.83,0.07,0.42,0.05,0.49,0.05,3.18,0.06,0.0106,0.0014,0.0204,0.0012
162,B176-G227,-0.084,0.004,-0.062,0.004,0.2,0.07,1.85,0.12,-0.11,0.18,0.09,0.09,1.13,0.14,-0.24,0.2,2.7,0.08,1.45,0.17,0.0135,0.0016,0.0591,0.0019,0.79,0.08,0.96,0.09,0.73,0.1,0.42,0.08,0.18,0.06,0.2,0.06,1.34,0.08,0.0074,0.0017,0.0007,0.0014
163,B177-G228,-0.089,0.007,-0.066,0.009,0.49,0.13,2.55,0.23,0.72,0.36,0.19,0.17,1.79,0.24,0.84,0.35,2.42,0.14,2.58,0.29,0.0315,0.0029,0.1016,0.0034,1.36,0.14,1.32,0.15,1.13,0.18,0.61,0.13,0.49,0.11,0.39,0.1,0.93,0.15,0.0069,0.003,0.0125,0.0025
164,B178-G229,-0.05,0.002,-0.024,0.002,0.33,0.04,2.62,0.06,0.84,0.09,0.25,0.05,1.64,0.07,1.32,0.11,2.35,0.04,2.16,0.09,0.0357,0.0009,0.0987,0.0011,1.38,0.04,1.33,0.05,1.03,0.06,0.59,0.04,0.37,0.03,0.26,0.03,1.8,0.04,0.0101,0.0009,0.014,0.0008
165,B179-G230,-0.023,0.002,0.003,0.002,0.45,0.04,3.6,0.06,1.73,0.09,0.48,0.05,2.19,0.07,1.78,0.1,2.06,0.04,3.12,0.09,0.0448,0.0009,0.127,0.0011,2.01,0.04,1.57,0.05,1.34,0.06,0.9,0.04,0.56,0.03,0.38,0.03,1.84,0.04,0.0122,0.0009,0.0259,0.0008
166,B180-G231,-0.007,0.002,0.018,0.003,0.57,0.04,3.89,0.07,1.91,0.11,0.49,0.05,2.39,0.08,1.53,0.11,1.87,0.04,3.25,0.09,0.0431,0.0009,0.1302,0.001,1.98,0.04,1.79,0.05,1.47,0.05,0.98,0.04,0.57,0.03,0.42,0.03,2.06,0.04,0.0211,0.0008,0.0355,0.0007
167,B181-G232,0.075,0.005,0.104,0.006,0.7,0.09,5.09,0.14,2.92,0.21,0.92,0.11,2.63,0.16,3.24,0.23,1.74,0.09,3.99,0.19,0.0738,0.002,0.2041,0.0024,3.3,0.09,2.13,0.1,1.95,0.12,1.32,0.09,0.75,0.07,0.5,0.07,2.88,0.09,0.0421,0.002,0.0734,0.0017
168,B181D,-0.053,0.004,-0.037,0.006,0.62,0.09,5.87,0.14,2.39,0.22,0.48,0.11,2.11,0.15,1.58,0.22,1.64,0.09,3.0,0.18,0.0288,0.0018,0.1282,0.0022,2.64,0.09,1.52,0.1,1.39,0.11,0.65,0.08,0.48,0.07,0.28,0.07,0.95,0.1,0.0112,0.0019,0.0013,0.0016
169,B182-G233,-0.03,0.002,-0.003,0.002,0.44,0.04,3.14,0.06,1.42,0.09,0.49,0.05,2.12,0.07,1.58,0.1,2.21,0.04,2.74,0.08,0.0354,0.0008,0.1138,0.0009,1.75,0.04,1.55,0.04,1.34,0.05,0.79,0.04,0.54,0.03,0.43,0.03,2.16,0.03,0.0128,0.0007,0.0239,0.0006
170,B183-G234,0.047,0.003,0.075,0.004,0.81,0.05,4.93,0.08,3.12,0.12,0.91,0.06,2.74,0.09,3.04,0.13,1.66,0.05,4.01,0.1,0.0608,0.001,0.1854,0.0012,3.13,0.05,2.19,0.05,1.91,0.06,1.31,0.04,0.77,0.03,0.59,0.03,2.44,0.04,0.0355,0.0009,0.0633,0.0008
171,B184-G236,0.184,0.008,0.232,0.01,1.01,0.14,5.29,0.2,4.81,0.28,1.41,0.13,3.42,0.19,6.75,0.25,1.4,0.11,5.56,0.21,0.1534,0.0022,0.3291,0.0027,5.07,0.1,3.05,0.11,2.65,0.12,1.9,0.09,0.98,0.07,0.93,0.07,5.27,0.09,0.0392,0.002,0.0751,0.0017
172,B185-G235,0.039,0.002,0.066,0.002,0.68,0.04,4.49,0.06,2.62,0.08,0.78,0.04,2.74,0.06,2.36,0.09,1.69,0.04,3.84,0.08,0.0552,0.0008,0.1657,0.0009,2.73,0.04,2.09,0.04,1.8,0.05,1.21,0.03,0.68,0.03,0.51,0.03,2.51,0.03,0.0324,0.0007,0.0508,0.0006
173,B186,0.233,0.035,0.272,0.042,1.16,0.55,6.25,0.84,4.23,1.16,0.8,0.55,4.09,0.71,10.13,0.94,1.07,0.41,5.49,0.81,0.179,0.0086,0.3633,0.0106,5.26,0.39,2.54,0.4,3.42,0.43,2.34,0.33,0.99,0.27,1.08,0.25,6.03,0.37,0.0386,0.0076,0.0875,0.0064
174,B187-G237,-0.066,0.008,-0.04,0.011,-0.01,0.17,1.84,0.27,0.44,0.41,0.36,0.2,1.65,0.3,0.96,0.43,2.72,0.17,1.61,0.36,0.0301,0.0035,0.0891,0.004,1.25,0.17,0.91,0.18,0.73,0.22,0.47,0.16,0.3,0.12,0.18,0.12,2.75,0.15,0.0038,0.0033,0.0177,0.0027
175,B188-G239,-0.079,0.003,-0.056,0.004,0.21,0.07,1.69,0.11,0.64,0.17,0.32,0.09,1.2,0.13,0.51,0.19,2.56,0.07,1.59,0.16,0.0263,0.0016,0.0761,0.0019,1.18,0.08,0.87,0.09,0.75,0.1,0.34,0.08,0.3,0.06,0.25,0.06,1.36,0.08,0.0052,0.0016,0.0061,0.0014
176,B189-G240,0.213,0.013,0.259,0.015,1.42,0.22,5.59,0.34,6.02,0.44,1.83,0.21,4.24,0.3,10.43,0.41,1.36,0.18,6.37,0.37,0.1932,0.0039,0.3787,0.0049,5.69,0.18,3.25,0.19,3.07,0.21,2.3,0.15,1.06,0.12,1.12,0.12,6.03,0.16,0.0534,0.0035,0.0966,0.003
177,B190-G241,-0.069,0.005,-0.042,0.006,0.4,0.09,2.4,0.15,0.91,0.21,0.34,0.1,1.65,0.15,1.23,0.21,2.54,0.08,2.43,0.17,0.0398,0.0017,0.0988,0.002,1.39,0.08,1.35,0.09,1.07,0.1,0.66,0.08,0.45,0.06,0.25,0.06,2.59,0.08,0.0105,0.0016,0.011,0.0013
178,B193-G244,0.13,0.002,0.165,0.002,0.91,0.03,4.84,0.05,4.09,0.08,1.18,0.04,3.34,0.06,4.05,0.08,1.63,0.03,5.07,0.07,0.094,0.0007,0.2519,0.0008,4.1,0.03,2.72,0.04,2.36,0.04,1.63,0.03,0.97,0.02,0.76,0.02,4.15,0.03,0.0318,0.0006,0.064,0.0005
179,B194-G243,-0.067,0.004,-0.042,0.004,0.36,0.07,2.55,0.12,0.66,0.19,0.22,0.09,1.38,0.14,0.56,0.2,2.41,0.08,1.91,0.17,0.0168,0.0017,0.0697,0.0019,1.02,0.08,1.06,0.09,0.94,0.11,0.62,0.08,0.39,0.06,0.22,0.06,1.18,0.08,0.0031,0.0018,0.0049,0.0015
180,B196-G246,-0.04,0.005,-0.016,0.006,0.4,0.1,3.01,0.16,0.99,0.24,0.23,0.12,1.85,0.17,1.27,0.24,2.09,0.09,2.4,0.2,0.0376,0.002,0.1095,0.0023,1.63,0.09,1.51,0.1,1.24,0.12,0.8,0.09,0.54,0.07,0.37,0.07,1.55,0.09,0.0226,0.0019,0.029,0.0016
181,B197-G247,0.062,0.009,0.097,0.011,0.9,0.16,5.0,0.25,3.4,0.36,0.94,0.17,3.05,0.24,4.21,0.34,1.63,0.14,4.78,0.28,0.0856,0.0029,0.2428,0.0035,3.97,0.13,2.48,0.14,2.07,0.16,1.42,0.12,0.68,0.1,0.53,0.09,3.66,0.13,0.0491,0.0027,0.0966,0.0023
182,B198-G249,-0.01,0.01,0.017,0.013,0.5,0.2,3.62,0.31,1.89,0.46,0.22,0.23,2.27,0.32,1.99,0.44,1.78,0.17,3.65,0.35,0.0387,0.0035,0.1264,0.0041,1.82,0.17,1.35,0.18,1.54,0.21,0.76,0.16,0.67,0.12,0.38,0.12,2.3,0.16,0.0264,0.0034,0.0296,0.0028
183,B199-G248,-0.081,0.004,-0.058,0.004,0.27,0.07,1.77,0.11,0.27,0.18,0.24,0.09,1.36,0.13,0.76,0.18,2.81,0.07,1.86,0.15,0.0166,0.0015,0.0634,0.0017,0.99,0.07,1.02,0.08,0.82,0.09,0.47,0.07,0.36,0.05,0.19,0.05,1.18,0.07,0.011,0.0015,0.0026,0.0012
184,B200,-0.078,0.021,-0.049,0.027,-0.07,0.4,1.77,0.68,-1.02,1.15,0.52,0.49,1.36,0.75,2.37,1.03,3.21,0.39,2.16,0.84,0.0101,0.0083,0.0413,0.0092,0.63,0.38,0.92,0.43,0.96,0.52,0.45,0.37,0.22,0.31,-0.1,0.29,3.01,0.41,-0.0005,0.0084,-0.015,0.0067
185,B201-G250,-0.035,0.002,-0.013,0.003,0.44,0.05,3.41,0.08,1.29,0.12,0.41,0.06,1.93,0.08,1.08,0.12,2.14,0.05,2.33,0.1,0.0285,0.001,0.0999,0.0012,1.18,0.05,1.42,0.06,1.21,0.06,0.74,0.05,0.45,0.04,0.25,0.04,1.2,0.05,0.011,0.0011,0.0113,0.0009
186,B202-G251,-0.041,0.006,-0.026,0.008,0.29,0.12,3.55,0.19,0.78,0.3,0.36,0.14,1.77,0.2,1.13,0.29,1.79,0.11,2.81,0.22,0.0265,0.0022,0.0979,0.0025,1.51,0.1,1.37,0.11,1.1,0.13,0.65,0.1,0.49,0.08,0.27,0.07,1.39,0.1,0.0154,0.0021,0.0225,0.0017
187,B203-G252,0.011,0.004,0.031,0.004,0.65,0.07,4.32,0.11,2.2,0.17,0.61,0.08,2.62,0.12,2.28,0.17,1.62,0.07,3.59,0.14,0.0485,0.0015,0.147,0.0017,2.38,0.07,1.84,0.07,1.58,0.09,1.1,0.06,0.75,0.05,0.45,0.05,2.03,0.07,0.028,0.0014,0.0344,0.0012
188,B204-G254,0.053,0.002,0.082,0.003,0.67,0.04,4.28,0.07,2.76,0.1,0.76,0.05,2.71,0.08,2.98,0.11,1.77,0.05,3.7,0.09,0.0571,0.001,0.1651,0.0011,2.61,0.05,1.92,0.05,1.79,0.06,1.25,0.04,0.74,0.03,0.55,0.03,2.25,0.04,0.0234,0.0009,0.0412,0.0008
189,B205-G256,-0.028,0.002,-0.003,0.003,0.47,0.05,3.44,0.08,1.54,0.12,0.52,0.06,2.12,0.09,1.72,0.13,2.11,0.05,3.17,0.11,0.045,0.0011,0.1304,0.0013,2.03,0.05,1.63,0.06,1.48,0.07,0.93,0.05,0.51,0.04,0.35,0.04,1.54,0.05,0.019,0.0011,0.0375,0.0009
190,B206-G257,-0.034,0.002,-0.008,0.002,0.39,0.04,2.98,0.06,1.36,0.09,0.39,0.05,1.93,0.07,1.35,0.1,2.33,0.04,2.53,0.09,0.0316,0.0009,0.1069,0.001,1.6,0.04,1.39,0.05,1.23,0.05,0.74,0.04,0.47,0.03,0.32,0.03,1.97,0.04,0.0108,0.0009,0.0163,0.0007
191,B207-G258,-0.056,0.006,-0.038,0.008,0.33,0.13,2.14,0.21,0.46,0.34,0.12,0.16,1.6,0.23,0.94,0.34,2.57,0.13,1.97,0.28,0.0242,0.0029,0.076,0.0033,1.13,0.14,1.16,0.15,1.18,0.18,0.59,0.13,0.5,0.11,0.22,0.11,1.4,0.15,0.0071,0.003,0.0044,0.0025
192,B208-G259,0.031,0.01,0.057,0.013,0.94,0.19,4.82,0.3,3.05,0.44,1.37,0.21,3.25,0.31,3.79,0.45,1.8,0.18,4.89,0.37,0.083,0.0039,0.2105,0.0046,3.28,0.18,2.46,0.19,2.0,0.22,1.37,0.17,0.84,0.13,0.81,0.12,3.76,0.17,0.0404,0.0036,0.0706,0.003
193,B209-G261,-0.03,0.004,-0.008,0.005,0.42,0.07,3.17,0.12,1.19,0.18,0.41,0.09,2.23,0.13,1.51,0.2,2.11,0.08,2.7,0.17,0.0369,0.0017,0.1112,0.0019,1.71,0.08,1.49,0.09,1.39,0.1,0.77,0.08,0.51,0.06,0.34,0.06,1.89,0.07,0.0143,0.0016,0.0218,0.0014
194,B211-G262,-0.068,0.004,-0.043,0.005,0.31,0.08,2.24,0.14,0.7,0.21,0.18,0.11,1.74,0.16,0.3,0.24,2.52,0.09,1.99,0.2,0.0264,0.002,0.0837,0.0023,1.2,0.09,1.02,0.11,0.99,0.12,0.64,0.09,0.38,0.07,0.23,0.07,1.6,0.09,0.0086,0.002,0.0091,0.0017
195,B212-G263,-0.076,0.002,-0.054,0.002,0.16,0.03,1.93,0.06,0.29,0.08,0.15,0.04,1.18,0.06,0.26,0.09,2.47,0.03,1.37,0.08,0.0137,0.0008,0.0589,0.0009,0.87,0.04,0.85,0.04,0.72,0.05,0.38,0.03,0.22,0.03,0.13,0.03,1.63,0.03,0.0075,0.0007,0.0024,0.0006
196,B213-G264,0.027,0.005,0.05,0.006,0.71,0.1,4.65,0.14,1.85,0.19,0.66,0.09,2.71,0.13,2.65,0.18,1.65,0.07,3.62,0.15,0.0634,0.0015,0.1763,0.0018,2.69,0.07,1.76,0.08,1.74,0.09,1.17,0.07,0.77,0.05,0.46,0.05,2.52,0.06,0.0276,0.0014,0.0466,0.0012
197,B214-G265,-0.059,0.006,-0.04,0.007,0.24,0.12,2.12,0.19,0.78,0.29,0.17,0.15,1.62,0.22,1.28,0.32,2.25,0.13,2.01,0.28,0.0291,0.0027,0.0906,0.0032,1.41,0.13,1.15,0.15,1.04,0.17,0.6,0.13,0.43,0.1,0.13,0.1,1.75,0.13,0.0226,0.0028,0.0303,0.0024
198,B215-G266,0.065,0.004,0.094,0.005,0.68,0.08,5.15,0.13,3.35,0.19,0.91,0.1,2.84,0.14,3.13,0.2,1.53,0.08,4.16,0.17,0.0712,0.0018,0.2009,0.0021,3.35,0.08,2.1,0.09,1.87,0.1,1.27,0.08,0.73,0.06,0.58,0.06,2.74,0.08,0.0302,0.0017,0.0554,0.0015
199,B217-G269,-0.009,0.004,0.015,0.005,0.7,0.07,4.32,0.12,2.49,0.18,0.7,0.09,2.67,0.13,1.69,0.2,1.76,0.08,3.8,0.17,0.054,0.0017,0.1526,0.002,2.43,0.08,1.76,0.09,1.56,0.1,1.03,0.08,0.68,0.06,0.51,0.06,1.89,0.08,0.0173,0.0017,0.0469,0.0014
200,B218-G272,0.015,0.001,0.042,0.002,0.53,0.02,3.64,0.04,2.02,0.05,0.61,0.03,2.4,0.04,1.94,0.06,2.0,0.02,3.41,0.05,0.0488,0.0005,0.1449,0.0006,2.32,0.02,1.9,0.03,1.59,0.03,1.0,0.02,0.63,0.02,0.46,0.02,2.54,0.02,0.0245,0.0005,0.0393,0.0004
201,B219-G271,0.026,0.004,0.05,0.004,0.89,0.07,5.1,0.1,2.69,0.15,0.73,0.08,2.87,0.11,2.75,0.15,1.67,0.06,3.85,0.12,0.0615,0.0012,0.1796,0.0014,3.04,0.06,2.27,0.06,1.74,0.07,1.2,0.05,0.7,0.04,0.43,0.04,1.96,0.05,0.0283,0.0011,0.0559,0.0009
202,B220-G275,-0.07,0.005,-0.049,0.007,0.33,0.11,2.38,0.18,0.72,0.29,0.2,0.14,1.36,0.21,0.99,0.3,2.31,0.12,2.2,0.25,0.0245,0.0025,0.0753,0.0029,1.14,0.12,1.07,0.14,0.73,0.16,0.47,0.12,0.67,0.09,0.05,0.09,1.48,0.13,0.0096,0.0027,0.0092,0.0022
203,B221-G276,-0.064,0.005,-0.037,0.006,0.41,0.1,2.57,0.16,0.91,0.24,0.38,0.12,1.76,0.17,1.66,0.25,2.39,0.09,2.11,0.2,0.0365,0.002,0.1122,0.0023,1.59,0.09,1.41,0.1,1.21,0.12,0.68,0.09,0.5,0.07,0.34,0.07,2.29,0.09,0.0166,0.0019,0.0174,0.0016
204,B224-G279,-0.075,0.006,-0.051,0.008,0.11,0.12,1.63,0.21,0.25,0.32,0.06,0.16,0.9,0.23,0.6,0.34,2.28,0.13,1.67,0.28,0.0181,0.0028,0.0635,0.0032,0.93,0.13,0.94,0.15,0.9,0.17,0.47,0.13,0.27,0.1,0.15,0.1,1.05,0.14,0.0079,0.0028,0.0026,0.0023
205,B225-G280,0.082,0.001,0.113,0.002,0.7,0.03,4.35,0.04,3.07,0.06,0.91,0.03,2.96,0.05,2.91,0.07,1.81,0.03,4.33,0.06,0.0697,0.0006,0.1947,0.0007,3.17,0.03,2.33,0.03,1.92,0.03,1.34,0.03,0.79,0.02,0.61,0.02,3.05,0.02,0.0317,0.0005,0.0535,0.0005
206,B228-G281,-0.008,0.006,0.014,0.008,0.78,0.11,4.59,0.17,2.33,0.23,0.68,0.11,2.8,0.15,2.19,0.21,1.5,0.08,3.75,0.17,0.0419,0.0017,0.1532,0.002,2.6,0.08,1.93,0.09,1.78,0.1,0.98,0.07,0.71,0.06,0.57,0.05,4.03,0.07,0.0238,0.0015,0.0306,0.0013
207,B229-G282,-0.087,0.008,-0.06,0.01,0.02,0.15,1.1,0.24,0.04,0.34,0.19,0.16,0.64,0.24,-0.08,0.32,2.54,0.12,0.91,0.27,0.0173,0.0026,0.0605,0.003,0.88,0.13,0.57,0.14,0.61,0.17,0.62,0.12,0.3,0.1,0.15,0.1,0.88,0.13,0.0084,0.0028,0.0017,0.0023
208,B230-G283,-0.084,0.002,-0.062,0.003,0.19,0.04,1.57,0.07,-0.08,0.1,0.02,0.05,0.93,0.08,0.31,0.11,2.53,0.04,0.94,0.1,0.0132,0.0009,0.0507,0.0011,0.73,0.04,0.74,0.05,0.65,0.06,0.29,0.04,0.21,0.03,0.05,0.03,1.01,0.04,0.0053,0.0009,-0.0003,0.0008
209,B231-G285,-0.026,0.006,-0.002,0.007,0.52,0.12,3.56,0.19,1.65,0.29,0.41,0.14,2.54,0.2,1.54,0.29,1.96,0.12,2.88,0.24,0.035,0.0024,0.1215,0.0028,1.83,0.11,1.59,0.13,1.4,0.15,1.0,0.11,0.56,0.09,0.23,0.08,1.84,0.12,0.0199,0.0024,0.0208,0.002
210,B232-G286,-0.087,0.001,-0.065,0.002,0.19,0.03,1.63,0.05,0.26,0.07,0.16,0.04,0.84,0.05,0.26,0.08,2.54,0.03,1.15,0.06,0.0132,0.0006,0.0502,0.0007,0.67,0.03,0.68,0.03,0.62,0.04,0.29,0.03,0.23,0.02,0.17,0.02,1.65,0.03,0.005,0.0006,0.0025,0.0005
211,B233-G287,-0.028,0.003,0.001,0.004,0.38,0.05,3.2,0.08,1.38,0.11,0.3,0.05,2.16,0.08,1.31,0.1,2.11,0.04,2.73,0.09,0.0426,0.0009,0.1167,0.001,1.61,0.04,1.48,0.05,1.3,0.05,0.82,0.04,0.51,0.03,0.34,0.03,1.87,0.04,0.0156,0.0008,0.0174,0.0007
212,B234-G290,0.014,0.008,0.041,0.01,0.59,0.15,4.28,0.24,2.65,0.36,0.61,0.18,2.74,0.25,2.21,0.36,1.54,0.15,3.61,0.3,0.0567,0.0031,0.1577,0.0036,2.35,0.14,1.96,0.16,1.57,0.18,0.98,0.14,0.68,0.11,0.61,0.1,2.03,0.14,0.0245,0.0029,0.0447,0.0024
213,B235-G297,0.006,0.004,0.032,0.004,0.67,0.07,3.76,0.1,2.48,0.13,0.68,0.07,2.38,0.1,2.11,0.13,1.9,0.05,3.16,0.11,0.0433,0.0011,0.146,0.0013,2.45,0.05,1.82,0.06,1.45,0.07,1.03,0.05,0.67,0.04,0.48,0.04,2.27,0.05,0.0336,0.0011,0.0581,0.0009
214,B236-G298,-0.084,0.006,-0.062,0.007,0.13,0.12,1.4,0.19,0.5,0.29,0.19,0.14,0.84,0.22,-0.04,0.31,2.72,0.11,1.34,0.25,0.0177,0.0024,0.0585,0.0027,0.73,0.11,0.93,0.13,0.87,0.15,0.32,0.11,0.23,0.08,0.13,0.08,1.3,0.11,0.0087,0.0023,0.0004,0.0019
215,B237-G299,-0.09,0.005,-0.062,0.006,0.1,0.1,0.89,0.17,-0.11,0.26,0.18,0.12,1.07,0.19,0.31,0.27,2.75,0.1,1.45,0.23,0.0123,0.0022,0.0493,0.0025,0.58,0.11,0.8,0.12,0.69,0.14,0.36,0.1,0.26,0.08,0.21,0.08,2.21,0.11,0.005,0.0024,-0.0011,0.002
216,B238-G301,0.001,0.003,0.022,0.004,0.59,0.07,4.3,0.1,2.22,0.15,0.67,0.07,2.51,0.11,1.7,0.15,1.6,0.06,3.45,0.12,0.0457,0.0012,0.1431,0.0014,2.26,0.06,1.96,0.06,1.63,0.07,0.98,0.05,0.58,0.04,0.44,0.04,1.87,0.05,0.0223,0.0012,0.034,0.001
217,B239-M74,-0.027,0.011,0.003,0.013,0.46,0.19,3.32,0.3,1.4,0.45,0.49,0.21,1.67,0.29,1.42,0.4,2.12,0.15,2.62,0.3,0.0352,0.0029,0.1131,0.0033,1.64,0.14,1.58,0.15,1.53,0.17,0.94,0.12,0.52,0.09,0.33,0.09,2.02,0.12,0.0153,0.0025,0.0201,0.0021
218,B240-G302,-0.068,0.001,-0.044,0.001,0.26,0.02,2.18,0.03,0.62,0.05,0.21,0.03,1.42,0.04,0.66,0.06,2.45,0.02,1.85,0.05,0.0224,0.0005,0.0717,0.0005,0.98,0.02,1.04,0.02,0.77,0.03,0.49,0.02,0.29,0.02,0.17,0.02,1.38,0.02,0.0093,0.0004,0.0048,0.0004
219,B244,-0.085,0.013,-0.066,0.017,0.21,0.25,2.71,0.41,0.81,0.71,0.37,0.31,0.45,0.46,0.32,0.66,2.2,0.26,2.22,0.54,0.0196,0.0054,0.0838,0.0062,1.09,0.26,1.1,0.29,0.91,0.34,0.55,0.25,0.65,0.22,0.24,0.21,0.23,0.35,-0.002,0.0063,0.0149,0.005
220,B246,-0.027,0.028,-0.013,0.035,0.16,0.5,5.07,0.81,3.05,1.24,0.8,0.56,3.12,0.75,5.45,1.03,1.52,0.44,3.47,0.87,0.0744,0.0089,0.184,0.0106,2.84,0.42,2.24,0.46,1.32,0.53,1.91,0.38,1.09,0.32,0.59,0.31,2.18,0.48,0.0289,0.0093,0.0307,0.0076
221,B248,-0.062,0.009,-0.039,0.012,0.28,0.18,2.53,0.29,0.83,0.47,0.27,0.21,1.5,0.31,1.33,0.43,2.45,0.16,2.03,0.34,0.0309,0.0034,0.0868,0.0038,1.3,0.16,1.07,0.18,0.94,0.2,0.58,0.15,0.28,0.12,0.34,0.11,2.85,0.16,0.0122,0.0033,0.011,0.0027
222,B249,0.148,0.029,0.17,0.036,0.64,0.5,6.3,0.72,5.48,1.06,1.41,0.47,3.62,0.64,8.27,0.85,1.74,0.36,5.69,0.7,0.1377,0.0074,0.3026,0.009,4.61,0.34,2.97,0.35,3.19,0.39,1.79,0.29,1.04,0.24,1.18,0.22,5.7,0.32,0.0309,0.0066,0.0862,0.0054
223,B254,-0.03,0.013,-0.007,0.016,0.25,0.25,2.62,0.41,1.15,0.64,0.28,0.29,2.12,0.42,1.95,0.6,2.41,0.23,1.43,0.49,0.0526,0.0048,0.1303,0.0056,1.79,0.23,1.49,0.25,1.66,0.28,0.94,0.21,0.67,0.17,0.47,0.16,3.6,0.23,0.0176,0.0046,0.0201,0.0037
224,B257-V219,0.089,0.01,0.108,0.012,0.82,0.17,5.42,0.25,3.27,0.38,1.04,0.17,3.02,0.23,4.04,0.31,1.4,0.12,4.69,0.24,0.0873,0.0024,0.2305,0.0028,3.69,0.11,2.54,0.11,2.26,0.13,1.5,0.09,0.92,0.07,0.88,0.06,4.21,0.09,0.0397,0.0019,0.0759,0.0015
225,B260,-0.04,0.045,-0.002,0.056,0.51,0.81,4.32,1.24,2.97,1.86,1.27,0.79,5.03,1.02,3.34,1.44,1.16,0.56,3.24,0.99,0.0712,0.0095,0.1938,0.0109,3.04,0.43,2.37,0.44,1.62,0.49,1.61,0.35,1.28,0.24,0.98,0.23,1.98,0.35,0.0403,0.0065,0.0745,0.005
226,B262,-0.073,0.013,-0.051,0.017,0.18,0.27,2.68,0.43,-0.14,0.72,0.09,0.36,1.62,0.53,0.4,0.8,3.2,0.31,1.16,0.68,0.0171,0.0067,0.0793,0.0076,0.86,0.32,1.36,0.37,0.81,0.44,0.43,0.33,0.28,0.26,0.05,0.26,1.47,0.34,0.0295,0.0074,0.0064,0.0062
227,B264-NB19,-0.056,0.022,-0.031,0.027,0.1,0.44,2.01,0.74,1.01,1.15,0.28,0.6,1.16,0.94,0.62,1.38,2.8,0.54,0.61,1.17,-0.013,0.0112,0.0358,0.0125,-0.01,0.53,0.44,0.62,0.39,0.74,0.76,0.54,0.77,0.41,-0.17,0.41,1.57,0.51,0.024,0.0117,0.01,0.0097
228,B265,0.043,0.018,0.073,0.022,1.36,0.32,4.94,0.49,2.74,0.76,1.01,0.36,2.33,0.51,2.77,0.72,1.75,0.28,3.91,0.55,0.0481,0.0056,0.1634,0.0066,2.59,0.26,1.69,0.28,1.79,0.32,0.94,0.24,0.38,0.19,0.46,0.18,1.46,0.26,0.0205,0.0052,0.0531,0.0042
229,B266,0.008,0.016,0.019,0.02,0.95,0.29,3.76,0.45,1.94,0.7,0.36,0.31,2.35,0.43,0.88,0.61,1.37,0.23,3.06,0.45,0.055,0.0045,0.136,0.0051,1.99,0.21,1.37,0.22,1.5,0.25,1.11,0.18,0.89,0.14,0.67,0.14,2.89,0.2,0.0131,0.0039,0.0321,0.0031
230,B268,0.015,0.026,0.051,0.032,0.51,0.46,5.21,0.74,4.21,1.1,0.99,0.52,2.58,0.74,2.97,1.04,1.96,0.41,4.3,0.83,0.0681,0.0084,0.22,0.0101,3.51,0.39,2.56,0.42,2.35,0.48,1.45,0.35,0.7,0.29,0.64,0.28,2.63,0.41,0.0632,0.0082,0.0939,0.0066
231,B269,-0.032,0.014,-0.017,0.018,0.55,0.27,4.65,0.42,2.33,0.67,0.82,0.3,2.37,0.42,1.49,0.59,1.95,0.22,3.41,0.45,0.0651,0.0044,0.159,0.0051,2.32,0.2,1.87,0.22,1.6,0.25,1.07,0.18,0.51,0.14,0.7,0.13,3.56,0.18,0.0206,0.0038,0.0346,0.003
232,B272-V294,0.037,0.019,0.074,0.023,0.75,0.34,5.31,0.52,2.71,0.81,0.59,0.36,2.31,0.5,2.76,0.7,1.71,0.28,4.35,0.54,0.0697,0.0054,0.1872,0.0064,3.28,0.25,1.83,0.27,1.38,0.31,1.29,0.23,0.74,0.18,0.59,0.17,4.54,0.25,0.0413,0.005,0.0568,0.004
233,B279-D068,0.12,0.021,0.162,0.025,0.31,0.37,5.36,0.53,4.46,0.74,1.57,0.33,3.94,0.46,4.78,0.64,1.31,0.26,4.45,0.52,0.125,0.0054,0.2863,0.0065,4.91,0.24,2.67,0.26,2.77,0.29,1.85,0.22,0.85,0.18,0.83,0.17,4.23,0.24,0.037,0.005,0.0602,0.0041
234,B283-G296,-0.014,0.013,0.004,0.017,0.7,0.26,4.87,0.39,2.79,0.58,0.84,0.29,2.3,0.41,2.49,0.57,1.52,0.22,2.97,0.44,0.0446,0.0044,0.147,0.0051,2.49,0.2,1.91,0.22,1.57,0.25,1.06,0.19,0.83,0.14,0.55,0.13,1.77,0.19,0.0247,0.0039,0.0572,0.0032
235,B287,-0.098,0.021,-0.096,0.028,0.49,0.41,2.17,0.73,2.93,1.18,0.27,0.52,1.27,0.76,-0.44,1.12,2.18,0.42,1.13,0.9,0.0067,0.0089,0.0866,0.0103,1.6,0.42,0.6,0.47,1.41,0.55,0.69,0.41,0.53,0.37,0.24,0.35,2.04,0.54,-0.0008,0.0105,0.0177,0.0083
236,B291-G009,-0.061,0.007,-0.036,0.008,0.46,0.13,3.04,0.21,1.45,0.34,0.41,0.17,1.85,0.24,1.36,0.35,2.28,0.14,2.21,0.29,0.0328,0.0029,0.0966,0.0034,1.58,0.14,1.31,0.15,1.2,0.18,0.7,0.13,0.44,0.11,0.4,0.1,0.98,0.14,0.0149,0.0029,0.0218,0.0024
237,B295-G014,-0.094,0.005,-0.073,0.007,0.22,0.11,1.43,0.19,-0.19,0.3,-0.07,0.15,0.95,0.22,0.65,0.32,2.32,0.12,0.94,0.27,0.01,0.0027,0.0506,0.0031,0.61,0.13,0.67,0.15,0.88,0.17,0.11,0.13,0.13,0.1,0.18,0.1,1.26,0.13,0.0085,0.0029,-0.0052,0.0024
238,B301-G022,0.017,0.007,0.033,0.009,0.38,0.14,4.23,0.21,1.77,0.33,0.48,0.16,2.33,0.22,2.04,0.32,1.65,0.13,3.77,0.26,0.0534,0.0026,0.1459,0.0031,2.27,0.12,1.69,0.14,1.58,0.16,1.0,0.12,0.61,0.09,0.39,0.09,2.22,0.12,0.0321,0.0025,0.0542,0.0021
239,B302-G023,-0.079,0.01,-0.063,0.013,0.51,0.19,2.1,0.32,1.84,0.52,0.25,0.25,1.23,0.36,0.69,0.53,2.35,0.2,1.68,0.44,0.0196,0.0044,0.0773,0.005,1.19,0.21,1.22,0.23,0.55,0.27,0.57,0.2,0.18,0.18,0.27,0.17,0.44,0.27,0.008,0.005,0.013,0.0039
240,B304-G028,-0.07,0.007,-0.043,0.009,0.21,0.13,2.23,0.22,0.29,0.36,0.24,0.17,1.4,0.25,1.49,0.35,2.5,0.14,1.97,0.3,0.02,0.0029,0.0817,0.0034,1.2,0.14,1.1,0.16,1.06,0.18,0.58,0.14,0.48,0.11,0.26,0.11,1.31,0.16,0.0116,0.0031,0.01,0.0026
241,B306-G029,-0.012,0.008,0.011,0.01,0.44,0.15,3.92,0.23,2.5,0.34,0.59,0.16,2.16,0.23,1.38,0.31,1.91,0.12,3.12,0.23,0.0366,0.0023,0.1184,0.0026,1.9,0.1,1.48,0.11,1.2,0.13,0.98,0.09,0.79,0.07,0.75,0.07,3.3,0.08,0.016,0.0018,0.0345,0.0015
242,B309-G031,-0.051,0.014,-0.017,0.017,0.53,0.26,2.32,0.43,0.32,0.7,0.02,0.31,1.25,0.46,0.43,0.66,2.6,0.24,2.57,0.52,0.0375,0.0052,0.0804,0.006,0.97,0.25,1.41,0.27,0.94,0.32,0.22,0.24,0.47,0.19,-0.08,0.19,2.12,0.26,0.0281,0.0053,0.0031,0.0043
243,B310-G032,-0.082,0.005,-0.056,0.006,0.31,0.1,1.96,0.17,1.5,0.26,0.03,0.12,1.31,0.19,0.94,0.27,2.59,0.1,1.77,0.23,0.0175,0.0022,0.0677,0.0026,1.05,0.11,0.97,0.12,0.9,0.14,0.46,0.11,0.33,0.09,0.15,0.08,0.99,0.13,0.0051,0.0024,0.0017,0.002
244,B311-G033,-0.078,0.004,-0.056,0.005,0.16,0.08,1.72,0.14,0.44,0.21,0.14,0.1,1.05,0.15,0.11,0.22,2.44,0.08,1.1,0.18,0.0208,0.0018,0.0627,0.002,0.75,0.08,0.77,0.09,0.64,0.11,0.3,0.08,0.17,0.06,0.19,0.06,2.32,0.07,0.005,0.0016,0.0005,0.0013
245,B312-G035,-0.043,0.002,-0.02,0.003,0.32,0.05,2.98,0.07,1.44,0.11,0.35,0.06,1.93,0.08,1.1,0.12,2.23,0.04,2.5,0.09,0.028,0.0009,0.0964,0.0011,1.46,0.04,1.41,0.05,1.17,0.06,0.68,0.04,0.46,0.03,0.3,0.03,2.29,0.04,0.0134,0.0008,0.0183,0.0007
246,B313-G036,-0.003,0.006,0.02,0.007,0.51,0.11,3.88,0.17,1.35,0.26,0.5,0.12,2.27,0.17,1.94,0.24,1.64,0.09,3.45,0.18,0.0421,0.0018,0.139,0.0021,2.19,0.09,1.5,0.09,1.47,0.11,0.81,0.08,0.69,0.06,0.62,0.06,2.9,0.08,0.0205,0.0016,0.0297,0.0014
247,B317-G041,-0.091,0.004,-0.072,0.005,0.13,0.08,1.37,0.14,0.06,0.21,0.06,0.1,0.89,0.15,-0.55,0.23,2.62,0.09,0.68,0.19,0.0117,0.0019,0.0448,0.0021,0.68,0.09,0.57,0.1,0.57,0.12,0.29,0.09,0.05,0.07,0.24,0.07,0.92,0.09,0.0156,0.0019,-0.0003,0.0016
248,B328-G054,-0.087,0.009,-0.069,0.011,0.22,0.17,2.16,0.28,1.01,0.43,0.18,0.21,1.38,0.3,1.31,0.43,2.57,0.17,2.62,0.35,0.0258,0.0036,0.0803,0.0041,1.27,0.17,1.19,0.19,1.33,0.22,0.83,0.16,0.65,0.13,0.26,0.13,1.89,0.18,0.012,0.0037,0.0059,0.003
249,B330-G056,-0.071,0.007,-0.047,0.009,0.51,0.14,1.63,0.25,0.72,0.38,0.31,0.18,1.66,0.27,1.92,0.38,2.36,0.15,1.61,0.32,0.0219,0.0032,0.073,0.0037,0.97,0.15,0.91,0.17,1.01,0.2,0.62,0.15,0.4,0.12,0.21,0.11,1.47,0.17,0.0099,0.0033,0.0049,0.0027
250,B331-G057,-0.054,0.01,-0.037,0.013,0.77,0.19,3.45,0.31,2.18,0.48,0.53,0.23,2.1,0.33,2.39,0.48,2.33,0.19,3.02,0.4,0.0346,0.0041,0.1168,0.0047,1.85,0.19,1.94,0.21,1.45,0.24,1.18,0.18,0.83,0.15,0.31,0.15,1.5,0.22,0.0155,0.0044,0.0341,0.0036
251,B333,-0.065,0.012,-0.05,0.016,0.83,0.23,3.37,0.38,1.75,0.6,0.92,0.27,2.13,0.39,3.28,0.56,2.33,0.23,3.92,0.47,0.0391,0.0048,0.1465,0.0057,2.08,0.23,2.02,0.25,1.32,0.29,1.14,0.21,0.85,0.19,0.54,0.18,2.66,0.29,0.03,0.0054,0.0599,0.0044
252,B336-G067,-0.077,0.019,-0.066,0.025,-0.18,0.39,0.8,0.64,2.27,1.05,-0.29,0.48,-0.03,0.73,-1.03,1.04,1.84,0.39,0.91,0.79,0.0032,0.0078,0.0318,0.0088,0.65,0.36,0.06,0.41,0.66,0.48,0.65,0.35,-0.53,0.35,-0.06,0.31,0.39,0.5,0.026,0.0094,0.0023,0.0071
253,B337-G068,-0.039,0.006,-0.018,0.007,0.35,0.12,3.26,0.19,1.09,0.3,0.29,0.15,1.74,0.22,0.61,0.32,2.01,0.12,2.12,0.26,0.0363,0.0026,0.0945,0.003,1.33,0.12,1.45,0.14,1.1,0.16,0.65,0.12,0.4,0.09,0.27,0.09,1.45,0.11,0.0208,0.0025,0.011,0.0021
254,B337D,-0.082,0.018,-0.059,0.022,0.44,0.34,1.37,0.6,1.95,1.0,0.42,0.44,1.7,0.66,1.74,0.97,2.63,0.38,3.16,0.81,0.0404,0.0084,0.0969,0.0096,1.28,0.4,0.82,0.44,0.78,0.52,1.27,0.38,0.0,0.35,0.56,0.32,1.42,0.5,0.0189,0.0097,0.0137,0.0076
255,B338-G076,-0.026,0.003,0.0,0.003,0.37,0.05,2.91,0.08,1.26,0.12,0.37,0.06,1.92,0.09,1.12,0.14,2.21,0.05,2.54,0.12,0.0324,0.0012,0.1035,0.0014,1.53,0.06,1.43,0.06,1.23,0.07,0.86,0.05,0.46,0.04,0.28,0.04,1.56,0.05,0.0137,0.0011,0.0182,0.001
256,B339-G077,0.08,0.016,0.103,0.019,0.72,0.28,5.33,0.39,2.56,0.57,1.02,0.26,2.92,0.36,4.38,0.49,1.36,0.19,3.94,0.37,0.0546,0.0037,0.1875,0.0044,3.13,0.17,2.17,0.18,2.1,0.21,1.44,0.15,0.68,0.12,0.48,0.11,2.63,0.15,0.0424,0.0033,0.079,0.0028
257,B341-G081,0.005,0.004,0.026,0.005,0.51,0.08,4.37,0.12,2.05,0.18,0.75,0.09,2.42,0.13,1.8,0.19,1.8,0.07,3.7,0.15,0.0444,0.0016,0.1363,0.0018,2.32,0.07,1.81,0.08,1.48,0.09,1.0,0.07,0.66,0.05,0.39,0.05,1.92,0.07,0.0266,0.0015,0.0445,0.0013
258,B343-G105,-0.065,0.005,-0.036,0.006,0.31,0.1,1.93,0.17,0.61,0.25,0.17,0.12,1.13,0.18,0.78,0.26,2.64,0.1,1.35,0.21,0.014,0.0021,0.062,0.0024,0.88,0.1,0.79,0.11,0.84,0.13,0.44,0.09,0.3,0.07,0.2,0.07,1.1,0.09,0.0049,0.0019,-0.0004,0.0016
259,B344-G127,-0.022,0.002,0.002,0.003,0.46,0.04,3.74,0.07,1.67,0.11,0.4,0.06,2.16,0.08,1.4,0.12,1.93,0.05,3.03,0.1,0.0408,0.001,0.1169,0.0011,1.77,0.05,1.62,0.05,1.42,0.06,0.82,0.04,0.54,0.03,0.36,0.03,1.57,0.04,0.0123,0.0009,0.0222,0.0008
260,B345-G143,-0.056,0.004,-0.035,0.005,0.15,0.08,2.25,0.13,0.48,0.21,0.35,0.1,1.17,0.15,1.14,0.22,2.23,0.08,1.59,0.18,0.0173,0.0018,0.0616,0.0021,1.0,0.09,0.93,0.1,0.89,0.11,0.44,0.08,0.24,0.06,0.13,0.06,1.2,0.08,0.01,0.0018,0.0092,0.0015
261,B347-G154,-0.102,0.006,-0.086,0.008,0.01,0.12,1.08,0.21,0.29,0.32,-0.05,0.16,0.88,0.24,0.55,0.35,2.52,0.14,1.38,0.3,0.0125,0.0029,0.0487,0.0034,0.71,0.14,0.61,0.16,0.66,0.18,0.24,0.14,0.22,0.1,0.1,0.1,1.08,0.13,0.0078,0.0029,-0.0028,0.0024
262,B348-G153,0.005,0.004,0.026,0.005,0.65,0.08,4.86,0.13,2.7,0.2,0.6,0.1,2.41,0.14,2.09,0.21,1.72,0.08,3.47,0.17,0.0564,0.0017,0.1518,0.002,2.3,0.08,1.89,0.09,1.63,0.1,1.01,0.08,0.59,0.06,0.38,0.06,1.85,0.08,0.0226,0.0017,0.0371,0.0014
263,B350-G162,-0.071,0.005,-0.043,0.006,0.32,0.1,2.56,0.16,0.62,0.25,0.19,0.13,1.08,0.19,0.43,0.27,2.45,0.1,1.34,0.23,0.0156,0.0023,0.0697,0.0026,1.08,0.11,1.07,0.12,0.84,0.14,0.49,0.1,0.3,0.08,0.18,0.08,1.1,0.11,0.0058,0.0023,0.0023,0.0019
264,B351-G179,-0.076,0.018,-0.045,0.023,0.38,0.36,2.61,0.59,0.37,1.03,-0.32,0.47,1.4,0.68,-0.4,0.99,2.58,0.37,2.2,0.79,0.0146,0.008,0.0659,0.0092,1.13,0.38,1.04,0.42,0.75,0.5,0.64,0.37,0.18,0.32,0.23,0.3,-0.03,0.49,-0.0081,0.0089,0.0063,0.007
265,B352-G180,-0.077,0.004,-0.057,0.004,0.21,0.07,1.84,0.12,0.39,0.19,0.28,0.09,1.35,0.13,0.66,0.2,2.6,0.07,1.7,0.16,0.0189,0.0016,0.0654,0.0018,0.98,0.08,1.03,0.09,0.73,0.1,0.54,0.07,0.29,0.06,0.14,0.06,1.47,0.08,0.0087,0.0016,0.0024,0.0013
266,B354-G186,-0.092,0.013,-0.076,0.016,0.07,0.26,1.8,0.43,0.43,0.71,0.14,0.32,1.13,0.48,0.86,0.7,2.35,0.27,1.45,0.57,0.0163,0.0056,0.0521,0.0063,0.37,0.27,0.88,0.29,0.74,0.35,0.91,0.25,0.2,0.22,0.2,0.21,1.37,0.32,0.0089,0.0062,-0.0058,0.0049
267,B356-G206,-0.073,0.006,-0.044,0.008,0.43,0.12,2.05,0.18,1.08,0.25,0.23,0.12,1.64,0.17,0.4,0.23,2.61,0.09,1.86,0.19,0.0277,0.0019,0.0809,0.0021,1.2,0.09,1.16,0.1,0.82,0.11,0.57,0.08,0.5,0.06,0.32,0.06,2.3,0.08,0.0077,0.0017,0.0082,0.0015
268,B361-G255,-0.059,0.006,-0.042,0.008,0.26,0.14,2.4,0.23,1.59,0.37,0.11,0.19,1.81,0.28,0.29,0.45,2.56,0.18,1.64,0.41,-0.0278,0.0041,0.023,0.0048,1.14,0.2,1.02,0.22,1.07,0.26,0.56,0.2,0.17,0.17,0.05,0.16,1.54,0.22,0.016,0.0049,0.0135,0.004
269,B363-G274,-0.074,0.006,-0.053,0.008,0.13,0.13,1.5,0.22,0.12,0.34,-0.04,0.17,0.94,0.24,0.43,0.36,2.56,0.14,1.46,0.29,0.0109,0.0029,0.0517,0.0033,0.73,0.14,0.64,0.16,0.47,0.18,0.39,0.14,0.28,0.11,0.19,0.11,0.91,0.15,0.004,0.0031,-0.0075,0.0025
270,B365-G284,-0.081,0.005,-0.06,0.006,0.31,0.1,2.25,0.16,0.89,0.23,0.14,0.11,1.65,0.16,-0.1,0.23,2.53,0.09,2.13,0.19,0.021,0.0019,0.085,0.0022,1.29,0.09,1.03,0.1,1.0,0.11,0.59,0.08,0.3,0.07,0.28,0.06,2.14,0.09,0.0041,0.0019,0.0097,0.0015
271,B366-G291,-0.081,0.004,-0.06,0.006,0.19,0.09,1.76,0.14,0.52,0.21,0.11,0.1,1.12,0.15,-0.07,0.21,2.69,0.08,1.27,0.17,0.0178,0.0017,0.0535,0.002,0.77,0.08,0.71,0.09,0.57,0.11,0.37,0.08,0.18,0.06,0.2,0.06,1.78,0.09,0.0017,0.0018,0.0024,0.0015
272,B370-G300,-0.072,0.003,-0.052,0.004,0.18,0.06,2.09,0.1,0.75,0.14,0.05,0.07,0.99,0.1,0.24,0.15,2.47,0.06,1.28,0.12,0.0172,0.0012,0.0624,0.0013,0.8,0.06,0.93,0.06,0.79,0.07,0.45,0.05,0.25,0.04,0.3,0.04,1.93,0.05,0.0016,0.0011,0.0013,0.0009
273,B372-G304,-0.034,0.004,-0.008,0.006,0.42,0.09,3.36,0.14,1.7,0.2,0.33,0.1,2.03,0.14,1.5,0.19,2.17,0.07,3.15,0.16,0.0359,0.0016,0.1145,0.0019,1.85,0.08,1.54,0.08,1.13,0.1,0.74,0.07,0.38,0.06,0.28,0.06,1.68,0.08,0.012,0.0016,0.0225,0.0013
274,B373-G305,0.056,0.003,0.085,0.003,0.8,0.05,4.6,0.07,3.12,0.1,0.87,0.05,2.82,0.07,2.82,0.1,1.68,0.04,4.3,0.08,0.0631,0.0008,0.1896,0.001,3.22,0.04,2.18,0.04,1.98,0.05,1.35,0.04,0.69,0.03,0.62,0.03,2.67,0.03,0.0378,0.0008,0.0699,0.0007
275,B375-G307,-0.017,0.007,0.011,0.008,0.56,0.13,3.96,0.2,1.85,0.31,0.7,0.14,2.49,0.2,1.82,0.28,1.84,0.11,3.19,0.23,0.038,0.0023,0.1323,0.0027,2.02,0.11,1.74,0.12,1.46,0.14,1.04,0.1,0.63,0.08,0.4,0.08,2.03,0.11,0.0119,0.0023,0.0232,0.0019
276,B377-G308,-0.079,0.004,-0.055,0.006,0.28,0.09,2.15,0.15,0.35,0.22,0.12,0.11,1.3,0.16,0.49,0.24,2.53,0.09,1.48,0.19,0.0184,0.0019,0.0653,0.0021,1.02,0.09,0.95,0.1,0.85,0.12,0.41,0.08,0.37,0.07,0.18,0.06,1.63,0.09,0.0128,0.0018,0.004,0.0015
277,B378-G311,-0.076,0.007,-0.057,0.008,0.21,0.13,1.8,0.21,0.95,0.32,0.24,0.15,1.22,0.23,0.15,0.32,2.48,0.12,1.83,0.26,0.0148,0.0026,0.0613,0.003,0.63,0.13,1.0,0.14,0.69,0.16,0.32,0.12,0.3,0.1,0.3,0.09,1.07,0.14,0.0048,0.0028,0.0009,0.0023
278,B379-G312,0.032,0.003,0.056,0.004,0.8,0.05,4.59,0.08,3.29,0.12,0.82,0.06,2.92,0.09,3.37,0.12,1.81,0.05,4.27,0.1,0.0586,0.001,0.1821,0.0012,3.02,0.05,2.4,0.05,1.99,0.06,1.41,0.04,0.79,0.03,0.61,0.03,2.48,0.04,0.0349,0.0009,0.0615,0.0008
279,B381-G315,-0.023,0.006,-0.002,0.007,0.31,0.12,3.8,0.19,1.5,0.29,0.54,0.14,1.75,0.21,0.7,0.31,1.96,0.12,2.71,0.25,0.0308,0.0025,0.1044,0.0028,1.75,0.12,1.47,0.13,1.19,0.15,0.8,0.11,0.62,0.08,0.36,0.08,1.61,0.11,0.0112,0.0024,0.0205,0.002
280,B382-G317,-0.072,0.005,-0.047,0.006,0.46,0.09,1.98,0.15,0.19,0.25,0.18,0.11,1.3,0.16,0.45,0.24,2.46,0.09,1.86,0.2,0.019,0.002,0.0649,0.0022,0.91,0.09,0.8,0.1,0.55,0.12,0.44,0.09,0.32,0.07,0.29,0.07,1.68,0.1,0.0092,0.0021,0.0034,0.0017
281,B383-G318,0.037,0.003,0.064,0.003,0.68,0.05,4.87,0.08,3.08,0.11,0.91,0.06,2.85,0.08,2.59,0.12,1.7,0.05,3.8,0.09,0.0572,0.001,0.1785,0.0011,3.07,0.04,2.12,0.05,1.78,0.06,1.2,0.04,0.7,0.03,0.5,0.03,2.49,0.04,0.0314,0.0009,0.0615,0.0007
282,B384-G319,0.013,0.002,0.034,0.003,0.66,0.05,4.4,0.07,2.46,0.11,0.75,0.05,2.7,0.08,2.19,0.11,1.73,0.04,3.78,0.09,0.0504,0.0009,0.158,0.0011,2.58,0.04,1.92,0.05,1.8,0.06,1.27,0.04,0.65,0.03,0.55,0.03,2.06,0.04,0.0315,0.0009,0.0496,0.0008
283,B386-G322,-0.024,0.003,-0.002,0.003,0.52,0.05,3.27,0.07,1.69,0.1,0.43,0.05,2.11,0.07,1.08,0.1,1.95,0.04,2.72,0.08,0.0417,0.0008,0.1138,0.0009,1.78,0.04,1.6,0.04,1.2,0.05,0.86,0.04,0.52,0.03,0.32,0.03,1.91,0.03,0.0166,0.0008,0.0299,0.0007
284,B387-G323,-0.083,0.005,-0.062,0.006,0.05,0.1,0.73,0.16,-0.05,0.24,0.08,0.12,0.46,0.19,-0.55,0.27,2.69,0.1,0.62,0.22,0.0128,0.0021,0.0439,0.0024,0.63,0.1,0.55,0.11,0.47,0.13,0.36,0.1,-0.05,0.07,0.16,0.07,0.97,0.1,0.0087,0.0021,-0.0029,0.0017
285,B391-G328,-0.042,0.01,-0.02,0.012,0.37,0.19,3.91,0.29,0.85,0.5,0.55,0.22,2.52,0.31,0.73,0.46,1.47,0.18,3.12,0.37,0.0334,0.0037,0.1126,0.0043,1.55,0.18,1.37,0.19,1.12,0.22,0.71,0.17,0.5,0.14,0.34,0.13,1.37,0.19,0.0176,0.0038,0.024,0.0031
286,B393-G330,-0.021,0.014,0.0,0.018,0.8,0.28,5.05,0.43,2.84,0.73,0.56,0.33,2.61,0.47,0.79,0.7,1.51,0.27,2.79,0.55,0.0448,0.0055,0.1273,0.0064,1.93,0.26,1.31,0.29,1.76,0.32,0.84,0.25,0.6,0.21,0.4,0.2,1.58,0.29,0.0033,0.0058,0.0244,0.0046
287,B396-G335,-0.105,0.008,-0.088,0.01,0.18,0.16,0.89,0.27,-0.01,0.43,0.05,0.21,0.34,0.31,0.35,0.45,2.65,0.17,1.17,0.38,0.022,0.0038,0.0499,0.0043,0.77,0.18,0.71,0.2,0.57,0.24,0.02,0.18,-0.16,0.14,0.05,0.13,0.98,0.18,0.0082,0.0038,0.0005,0.0032
288,B397-G336,-0.051,0.008,-0.022,0.01,0.37,0.15,2.94,0.25,1.53,0.39,0.3,0.19,1.95,0.28,1.74,0.4,2.33,0.15,2.33,0.33,0.0302,0.0033,0.0974,0.0038,1.57,0.15,1.3,0.17,1.09,0.2,0.72,0.15,0.58,0.12,0.37,0.11,1.21,0.16,0.0162,0.0033,0.0185,0.0026
289,B398-G341,0.062,0.021,0.088,0.026,1.0,0.37,5.6,0.57,3.6,0.95,0.74,0.42,3.21,0.59,3.24,0.85,1.56,0.33,4.59,0.67,0.056,0.0069,0.1923,0.0082,3.53,0.31,2.15,0.35,2.19,0.39,1.24,0.3,1.06,0.25,0.66,0.24,2.32,0.37,0.0309,0.0072,0.063,0.0057
290,B399-G342,-0.064,0.015,-0.048,0.019,-0.06,0.3,2.17,0.49,0.58,0.86,-0.26,0.38,1.26,0.55,-0.9,0.81,2.61,0.3,1.03,0.66,0.0117,0.0065,0.0466,0.0073,1.14,0.3,0.72,0.34,0.82,0.4,0.21,0.3,0.43,0.27,0.12,0.25,1.32,0.38,0.0121,0.0075,0.0043,0.0058
291,B401-G344,-0.099,0.009,-0.083,0.012,0.04,0.19,1.15,0.32,0.21,0.53,-0.11,0.24,1.02,0.36,0.78,0.52,2.88,0.2,0.54,0.44,-0.001,0.0043,0.0413,0.0049,0.98,0.2,0.79,0.23,0.58,0.27,0.28,0.2,0.11,0.17,0.04,0.16,0.64,0.23,0.0135,0.0047,-0.0022,0.0037
292,B403-G348,0.011,0.008,0.029,0.01,0.73,0.15,4.19,0.23,2.79,0.36,0.43,0.18,2.11,0.25,1.77,0.37,1.45,0.14,3.41,0.29,0.0422,0.0029,0.151,0.0035,2.58,0.14,1.62,0.15,1.52,0.17,1.03,0.13,0.77,0.1,0.56,0.1,2.34,0.13,0.0248,0.0029,0.0493,0.0023
293,B405-G351,-0.062,0.004,-0.034,0.005,0.36,0.08,2.38,0.14,1.18,0.21,0.34,0.1,1.52,0.15,0.22,0.23,2.56,0.09,1.89,0.19,0.0269,0.0018,0.0847,0.0021,1.28,0.09,1.21,0.1,1.22,0.11,0.69,0.08,0.37,0.06,0.19,0.06,1.45,0.08,0.0092,0.0018,0.0108,0.0015
294,B422,-0.042,0.017,-0.025,0.021,0.67,0.32,3.95,0.52,2.42,0.88,0.35,0.4,2.23,0.58,0.98,0.85,1.97,0.32,2.54,0.69,0.0354,0.007,0.0888,0.008,1.47,0.33,1.04,0.36,1.49,0.42,0.63,0.32,0.76,0.27,0.56,0.26,1.95,0.4,-0.0002,0.0078,0.0205,0.0061
295,B457-G097,-0.089,0.015,-0.062,0.019,0.25,0.31,2.33,0.49,0.88,0.77,-0.2,0.38,1.31,0.55,0.67,0.8,2.09,0.31,1.64,0.64,0.0296,0.0063,0.0909,0.0073,1.37,0.3,1.25,0.33,1.4,0.38,0.91,0.28,0.58,0.22,0.28,0.21,1.42,0.29,0.0184,0.0061,0.0115,0.005
296,B461-G131,0.031,0.007,0.051,0.009,0.54,0.13,4.54,0.21,2.61,0.33,0.65,0.16,2.68,0.22,1.72,0.33,1.71,0.13,3.9,0.26,0.0552,0.0027,0.1563,0.0031,2.57,0.12,2.14,0.14,1.75,0.16,0.9,0.12,0.64,0.1,0.45,0.09,1.91,0.13,0.0136,0.0026,0.0296,0.0021
297,B462,-0.098,0.01,-0.089,0.013,0.0,0.2,0.42,0.34,-0.21,0.55,0.24,0.25,0.18,0.39,0.46,0.55,2.47,0.21,0.85,0.45,0.0151,0.0044,0.0423,0.005,0.49,0.21,0.37,0.23,0.05,0.28,0.33,0.2,0.1,0.17,0.07,0.17,1.53,0.26,0.0132,0.0049,-0.0042,0.0038
298,B467-G202,-0.086,0.009,-0.067,0.011,-0.01,0.18,2.1,0.29,0.75,0.44,0.07,0.21,1.29,0.3,0.18,0.42,2.57,0.16,1.33,0.35,0.0179,0.0034,0.0633,0.004,1.15,0.16,0.91,0.18,1.02,0.21,0.58,0.16,0.35,0.13,-0.04,0.13,0.93,0.19,0.0061,0.0037,0.001,0.003
299,B472-D064,-0.041,0.002,-0.014,0.002,0.36,0.04,2.91,0.06,1.3,0.09,0.4,0.05,1.92,0.07,1.22,0.11,2.21,0.04,2.47,0.09,0.0379,0.0009,0.1061,0.0011,1.52,0.04,1.56,0.05,1.43,0.06,0.78,0.04,0.5,0.03,0.31,0.03,1.94,0.04,0.0131,0.0009,0.0164,0.0008
300,B486-G316,-0.1,0.014,-0.063,0.018,0.2,0.28,1.6,0.45,-0.09,0.71,0.13,0.34,0.78,0.5,-0.22,0.71,2.75,0.26,2.21,0.53,0.019,0.0053,0.0695,0.0059,0.78,0.25,1.15,0.27,0.88,0.31,0.32,0.23,0.16,0.18,0.11,0.17,1.36,0.24,0.007,0.0048,0.0058,0.0039
301,AU010,0.07,0.02,0.093,0.025,0.78,0.37,5.01,0.6,4.24,0.85,0.77,0.45,3.51,0.62,2.14,0.93,2.12,0.36,4.24,0.76,0.0926,0.0078,0.2233,0.0092,3.6,0.35,2.5,0.39,1.67,0.46,1.77,0.33,0.91,0.26,0.46,0.25,3.91,0.32,0.0346,0.0072,0.075,0.0061
302,BH04,-0.116,0.042,-0.102,0.054,-0.43,0.87,4.13,1.35,-0.11,2.42,-0.17,1.0,2.56,1.36,4.6,1.91,2.88,0.83,4.23,1.65,0.0061,0.0173,0.086,0.0202,0.57,0.86,2.01,0.88,2.44,1.03,1.92,0.78,-0.05,0.72,0.69,0.67,-1.78,1.23,0.0416,0.0211,-0.0038,0.0164
303,BH18,0.097,0.025,0.103,0.032,0.93,0.45,5.61,0.67,3.06,1.07,0.91,0.49,3.3,0.69,4.51,0.97,1.76,0.39,5.29,0.77,0.0846,0.0081,0.1993,0.0094,3.52,0.36,2.81,0.39,2.77,0.45,1.43,0.34,0.92,0.27,1.39,0.24,4.06,0.34,0.0425,0.0073,0.0808,0.0059
304,DAO55,-0.045,0.039,-0.013,0.049,0.56,0.77,5.66,1.11,-2.2,2.22,1.32,0.88,2.4,1.3,4.03,1.79,1.98,0.71,4.05,1.42,0.039,0.0148,0.0943,0.0167,1.96,0.67,3.05,0.72,3.1,0.81,1.02,0.63,1.89,0.52,0.76,0.5,1.55,0.71,0.0357,0.0147,0.074,0.0121
305,M009,-0.094,0.007,-0.075,0.009,0.25,0.14,1.63,0.23,0.41,0.37,0.11,0.18,1.03,0.26,0.01,0.38,2.47,0.15,1.2,0.32,0.0133,0.0031,0.0606,0.0036,0.92,0.15,0.8,0.17,0.69,0.2,0.4,0.15,0.37,0.12,0.26,0.11,1.12,0.16,0.0098,0.0033,0.0021,0.0028
306,M019,-0.058,0.009,-0.033,0.012,0.29,0.19,1.97,0.31,1.02,0.46,0.25,0.23,1.52,0.34,1.38,0.5,2.32,0.2,2.38,0.42,0.0303,0.0042,0.0949,0.0049,1.13,0.2,0.94,0.23,1.15,0.26,0.68,0.19,0.31,0.16,0.29,0.15,1.79,0.21,0.0178,0.0044,0.0126,0.0037
307,MITA140,0.134,0.018,0.16,0.022,0.91,0.3,4.43,0.45,4.45,0.62,1.3,0.29,3.21,0.39,4.62,0.51,1.22,0.2,5.05,0.36,0.093,0.0035,0.2522,0.0041,3.98,0.16,2.64,0.16,2.29,0.18,1.42,0.13,0.96,0.09,0.82,0.09,5.31,0.11,0.0342,0.0024,0.0807,0.0019
308,NB16,-0.132,0.053,-0.091,0.067,-0.22,1.07,0.35,1.7,0.73,2.46,0.05,1.12,2.54,1.52,1.37,2.17,2.32,0.82,0.87,1.6,0.0212,0.0151,0.0749,0.0167,0.42,0.71,1.24,0.75,0.76,0.88,0.18,0.64,0.92,0.46,0.43,0.44,6.04,0.56,0.0313,0.0124,-0.0166,0.0095
309,NB21-AU5,0.021,0.014,0.041,0.018,0.77,0.27,3.05,0.47,2.96,0.73,0.69,0.39,2.23,0.59,3.0,0.87,1.81,0.36,3.63,0.78,0.0475,0.0079,0.169,0.0094,1.65,0.38,1.1,0.44,1.53,0.51,0.83,0.38,0.31,0.29,0.43,0.28,1.52,0.37,0.0172,0.0082,0.0338,0.0071
310,PHF6-1,0.104,0.018,0.149,0.021,0.82,0.31,4.98,0.47,4.54,0.63,0.95,0.31,3.25,0.44,4.38,0.6,1.41,0.24,4.97,0.46,0.0871,0.0047,0.2337,0.0055,4.0,0.21,2.62,0.23,2.29,0.26,1.53,0.19,0.95,0.14,0.68,0.14,3.51,0.18,0.0438,0.0039,0.075,0.0033
311,V129-BA4,-0.078,0.005,-0.053,0.006,0.42,0.1,2.14,0.16,0.26,0.25,0.15,0.12,1.17,0.17,0.7,0.24,2.29,0.09,1.57,0.2,0.0166,0.0019,0.0677,0.0022,0.92,0.09,1.04,0.1,0.87,0.12,0.36,0.09,0.22,0.07,0.09,0.07,1.17,0.1,0.0042,0.002,0.0089,0.0016
312,B522,-0.089,0.055,-0.08,0.071,1.08,0.94,5.52,1.6,3.41,2.55,1.53,1.12,2.88,1.61,4.99,2.2,1.87,0.93,5.55,1.75,0.0603,0.0192,0.2056,0.0231,2.51,0.93,1.82,0.95,2.59,1.07,0.94,0.81,0.49,0.74,0.59,0.67,2.15,1.06,0.0032,0.0204,0.0304,0.0161
